2026-04-04 11:24:00 [32minfo[39m:: Server is running on port 5001
2026-04-04 13:24:54 [32minfo[39m:: Server is running on port 5001
2026-04-04 13:30:10 [32minfo[39m:: Server is running on port 5001
2026-04-04 13:42:25 [32minfo[39m:: Server is running on port 5001
2026-04-04 13:44:38 [32minfo[39m:: Server is running on port 5001
2026-04-04 13:44:55 [32minfo[39m:: Server is running on port 5002
2026-04-04 13:46:22 [32minfo[39m:: Server is running on port 5000
2026-04-04 13:48:35 [32minfo[39m:: Server is running on port 5000
2026-04-04 13:48:57 [32minfo[39m:: Server is running on port 5000
2026-04-04 13:56:34 [32minfo[39m:: Server is running on port 5000
2026-04-04 13:59:21 [32minfo[39m:: Server is running on port 5000
2026-04-04 16:24:43 [32minfo[39m:: Server is running on port 5000
2026-04-04 16:26:24 [32minfo[39m:: Server is running on port 5000
2026-04-04 16:28:06 [32minfo[39m:: Server is running on port 5000
2026-04-04 16:38:46 [32minfo[39m:: Server is running on port 5000
2026-04-04 16:39:40 [32minfo[39m:: Server is running on port 5000
2026-04-04 16:42:39 [32minfo[39m:: Server is running on port 5000
2026-04-04 16:45:32 [32minfo[39m:: Server is running on port 5000
2026-04-04 16:47:52 [32minfo[39m:: Server is running on port 5000
2026-04-04 16:51:06 [32minfo[39m:: Server is running on port 5000
2026-04-04 16:52:02 [32minfo[39m:: Server is running on port 5000
2026-04-04 16:52:46 [32minfo[39m:: Server is running on port 5000
2026-04-04 16:52:58 [32minfo[39m:: Server is running on port 5000
2026-04-04 17:31:47 [32minfo[39m:: Server is running on port 5000
2026-04-04 17:33:52 [32minfo[39m:: Server is running on port 5000
2026-04-04 17:34:54 [32minfo[39m:: Server is running on port 5000
2026-04-04 17:36:37 [32minfo[39m:: Server is running on port 5000
2026-04-04 17:36:52 [32minfo[39m:: Server is running on port 5000
2026-04-04 17:36:53 [31merror[39m:: [object Object]
2026-04-04 17:37:07 [32minfo[39m:: Server is running on port 5000
2026-04-04 17:37:09 [31merror[39m:: [object Object]
2026-04-04 17:41:03 [31merror[39m:: [object Object]
2026-04-04 17:41:55 [31merror[39m:: [object Object]
2026-04-04 17:42:46 [32minfo[39m:: Server is running on port 5000
2026-04-04 17:42:48 [31merror[39m:: [object Object]
2026-04-04 17:43:57 [32minfo[39m:: Server is running on port 5000
2026-04-04 17:43:59 [31merror[39m:: [object Object]
2026-04-04 17:45:24 [32minfo[39m:: Server is running on port 5000
2026-04-04 17:45:27 [31merror[39m:: [object Object]
2026-04-04 17:50:23 [32minfo[39m:: Server is running on port 5000
2026-04-04 17:50:25 [31merror[39m:: [object Object]
2026-04-04 17:51:54 [32minfo[39m:: Server is running on port 5000
2026-04-04 17:51:56 [31merror[39m:: [object Object]
2026-04-04 17:52:28 [32minfo[39m:: Server is running on port 5000
2026-04-04 17:52:30 [31merror[39m:: [object Object]
2026-04-04 17:53:24 [32minfo[39m:: Server is running on port 5000
2026-04-04 17:53:27 [31merror[39m:: [object Object]
2026-04-04 17:53:56 [32minfo[39m:: Server is running on port 5000
2026-04-04 17:53:58 [31merror[39m:: [object Object]
2026-04-04 17:54:35 [32minfo[39m:: Server is running on port 5000
2026-04-04 17:54:37 [31merror[39m:: [object Object]
2026-04-04 17:54:40 [31merror[39m:: [object Object]
2026-04-04 17:55:27 [32minfo[39m:: Server is running on port 5000
2026-04-04 17:55:28 [31merror[39m:: [object Object]
2026-04-04 17:56:25 [32minfo[39m:: Server is running on port 5000
2026-04-04 17:56:31 [31merror[39m:: can not get id to category
2026-04-04 17:56:31 [31merror[39m:: [object Object]
2026-04-04 17:56:49 [32minfo[39m:: Server is running on port 5000
2026-04-04 17:57:02 [31merror[39m:: can not get id to category
2026-04-04 17:57:02 [31merror[39m:: [object Object]
2026-04-04 18:05:12 [32minfo[39m:: Server is running on port 5000
2026-04-04 18:05:17 [31merror[39m:: tag not found
2026-04-04 18:05:17 [31merror[39m:: [object Object]
2026-04-04 18:05:56 [31merror[39m:: [object Object]
2026-04-04 18:06:15 [32minfo[39m:: Server is running on port 5000
2026-04-04 18:06:21 [31merror[39m:: [object Object]
2026-04-04 18:11:25 [32minfo[39m:: Server is running on port 5000
2026-04-04 18:11:31 [31merror[39m:: [object Object]
2026-04-04 18:13:07 [32minfo[39m:: Server is running on port 5000
2026-04-04 18:13:15 [31merror[39m:: [object Object]
2026-04-04 18:13:25 [31merror[39m:: [object Object]
2026-04-04 18:14:27 [32minfo[39m:: Server is running on port 5000
2026-04-04 18:14:40 [31merror[39m:: [object Object]
2026-04-04 18:20:49 [32minfo[39m:: Server is running on port 5000
2026-04-04 18:20:53 [31merror[39m:: Duplicate entry 'tennis' for key 'categories.name'
2026-04-04 18:20:53 [31merror[39m:: Failed to create category
2026-04-04 18:20:54 [31merror[39m:: Duplicate entry 'tennis' for key 'categories.name'
2026-04-04 18:20:54 [31merror[39m:: Failed to create category
2026-04-04 18:21:09 [31merror[39m:: [object Object]
2026-04-04 18:21:13 [32minfo[39m:: Server is running on port 5000
2026-04-04 18:21:19 [31merror[39m:: [object Object]
2026-04-04 18:26:23 [32minfo[39m:: Server is running on port 5000
2026-04-04 18:26:28 [31merror[39m:: [object Object]
2026-04-04 18:29:10 [32minfo[39m:: Server is running on port 5000
2026-04-04 18:29:15 [31merror[39m:: Duplicate entry 'china' for key 'brands.name'
2026-04-04 18:29:15 [31merror[39m:: [object Object]
2026-04-04 18:32:02 [32minfo[39m:: Server is running on port 5000
2026-04-04 18:32:08 [31merror[39m:: [object Object]
2026-04-04 18:34:29 [32minfo[39m:: Server is running on port 5000
2026-04-04 18:34:34 [31merror[39m:: [object Object]
2026-04-04 18:35:02 [32minfo[39m:: Server is running on port 5000
2026-04-04 18:35:09 [31merror[39m:: [object Object]
2026-04-04 18:37:58 [32minfo[39m:: Server is running on port 5000
2026-04-04 18:38:05 [31merror[39m:: [object Object]
2026-04-04 18:39:26 [32minfo[39m:: Server is running on port 5000
2026-04-04 18:39:37 [31merror[39m:: [object Object]
2026-04-04 18:42:56 [32minfo[39m:: Server is running on port 5000
2026-04-04 18:43:01 [31merror[39m:: [object Object]
2026-04-04 18:47:42 [32minfo[39m:: Server is running on port 5000
2026-04-04 18:47:51 [31merror[39m:: category not found
2026-04-04 18:47:51 [31merror[39m:: [object Object]
2026-04-04 18:49:39 [32minfo[39m:: Server is running on port 5000
2026-04-04 18:50:41 [31merror[39m:: category not found
2026-04-04 18:50:41 [31merror[39m:: [object Object]
2026-04-04 18:51:24 [32minfo[39m:: Server is running on port 5000
2026-04-04 18:58:30 [32minfo[39m:: Server is running on port 5000
2026-04-04 18:58:40 [31merror[39m:: [object Object]
2026-04-04 19:00:20 [32minfo[39m:: Server is running on port 5000
2026-04-04 19:55:45 [32minfo[39m:: Server is running on port 5000
2026-04-04 19:56:52 [31merror[39m:: [object Object]
2026-04-04 20:31:51 [32minfo[39m:: Server is running on port 5000
2026-04-04 20:32:44 [32minfo[39m:: Server is running on port 5000
2026-04-04 20:47:41 [32minfo[39m:: Server is running on port 5000
2026-04-04 20:50:20 [32minfo[39m:: Server is running on port 5000
2026-04-04 20:53:58 [32minfo[39m:: Server is running on port 5000
2026-04-04 21:38:32 [32minfo[39m:: Server is running on port 5000
2026-04-04 21:38:58 [31merror[39m:: [object Object]
2026-04-04 21:38:58 [31merror[39m:: Failed to show category
2026-04-04 21:39:58 [32minfo[39m:: Server is running on port 5000
2026-04-04 22:01:11 [32minfo[39m:: Server is running on port 5000
2026-04-04 22:02:36 [32minfo[39m:: Server is running on port 5000
2026-04-04 22:26:10 [32minfo[39m:: Server is running on port 5000
2026-04-04 22:28:41 [32minfo[39m:: Server is running on port 5000
2026-04-04 22:29:05 [31merror[39m:: Duplicate entry 'Boxing' for key 'categories.name'
2026-04-04 22:29:05 [31merror[39m:: Failed to create category
2026-04-04 22:30:44 [32minfo[39m:: Server is running on port 5000
2026-04-04 22:30:46 [31merror[39m:: Duplicate entry 'happy hour sale' for key 'tags.name'
2026-04-04 22:30:46 [31merror[39m:: Failed to create tag
2026-04-04 22:31:32 [32minfo[39m:: Server is running on port 5000
2026-04-05 09:52:40 [32minfo[39m:: Server is running on port 5000
2026-04-05 09:52:48 [31merror[39m:: [object Object]
2026-04-05 09:53:00 [32minfo[39m:: Server is running on port 5000
2026-04-05 09:54:07 [31merror[39m:: [object Object]
2026-04-05 09:54:23 [31merror[39m:: [object Object]
2026-04-05 09:54:55 [31merror[39m:: [object Object]
2026-04-05 09:59:32 [32minfo[39m:: Server is running on port 5000
2026-04-05 09:59:39 [31merror[39m:: [object Object]
2026-04-05 10:09:03 [32minfo[39m:: Server is running on port 5000
2026-04-05 19:38:26 [32minfo[39m:: Server is running on port 5000
2026-04-05 19:39:53 [31merror[39m:: [object Object]
2026-04-05 19:40:18 [32minfo[39m:: Server is running on port 5000
2026-04-05 19:40:43 [31merror[39m:: [object Object]
2026-04-05 19:41:10 [31merror[39m:: [object Object]
2026-04-05 19:41:51 [31merror[39m:: [object Object]
2026-04-05 19:42:08 [32minfo[39m:: Server is running on port 5000
2026-04-05 19:42:13 [31merror[39m:: [object Object]
2026-04-05 19:42:28 [31merror[39m:: [object Object]
2026-04-05 19:44:21 [32minfo[39m:: Server is running on port 5000
2026-04-05 19:47:17 [32minfo[39m:: Server is running on port 5000
2026-04-05 19:47:26 [31merror[39m:: [object Object]
2026-04-05 19:52:46 [32minfo[39m:: Server is running on port 5000
2026-04-05 19:52:55 [31merror[39m:: [object Object]
2026-04-05 19:53:43 [32minfo[39m:: Server is running on port 5000
2026-04-05 19:55:15 [31merror[39m:: [object Object]
2026-04-05 19:56:17 [32minfo[39m:: Server is running on port 5000
2026-04-05 19:56:24 [31merror[39m:: [object Object]
2026-04-05 20:05:16 [32minfo[39m:: Server is running on port 5000
2026-04-05 20:05:22 [31merror[39m:: [object Object]
2026-04-05 20:07:09 [32minfo[39m:: Server is running on port 5000
2026-04-05 20:07:17 [31merror[39m:: [object Object]
2026-04-05 20:13:35 [32minfo[39m:: Server is running on port 5000
2026-04-05 20:13:43 [31merror[39m:: [object Object]
2026-04-05 20:17:16 [32minfo[39m:: Server is running on port 5000
2026-04-05 20:18:07 [31merror[39m:: brand not found
2026-04-05 20:18:07 [31merror[39m:: [object Object]
2026-04-05 21:38:10 [32minfo[39m:: Server is running on port 5000
2026-04-07 10:13:48 [32minfo[39m:: Server is running on port 5000
2026-04-07 10:14:50 [31merror[39m:: brand not found
2026-04-07 10:14:50 [31merror[39m:: [object Object]
2026-04-07 10:17:01 [32minfo[39m:: Server is running on port 5000
2026-04-07 10:31:22 [32minfo[39m:: Server is running on port 5000
2026-04-07 10:36:01 [31merror[39m:: [object Object]
2026-04-07 10:36:15 [32minfo[39m:: Server is running on port 5000
2026-04-07 10:37:50 [31merror[39m:: [object Object]
2026-04-07 10:38:49 [32minfo[39m:: Server is running on port 5000
2026-04-07 10:38:53 [31merror[39m:: [object Object]
2026-04-07 10:39:34 [32minfo[39m:: Server is running on port 5000
2026-04-07 10:40:04 [31merror[39m:: [object Object]
2026-04-07 10:42:04 [32minfo[39m:: Server is running on port 5000
2026-04-07 10:43:25 [31merror[39m:: Only JPG, PNG and JPEG files are allowed
2026-04-07 10:50:12 [32minfo[39m:: Server is running on port 5000
2026-04-07 10:52:26 [32minfo[39m:: Server is running on port 5000
2026-04-07 11:14:17 [32minfo[39m:: Server is running on port 5000
2026-04-07 11:16:10 [32minfo[39m:: Server is running on port 5000
2026-04-07 11:17:28 [31merror[39m:: [object Object]
2026-04-07 11:17:42 [32minfo[39m:: Server is running on port 5000
2026-04-07 14:11:40 [32minfo[39m:: Server is running on port 5000
2026-04-07 14:12:22 [31merror[39m:: brand not found
2026-04-07 14:12:22 [31merror[39m:: [object Object]
2026-04-07 14:12:58 [31merror[39m:: [object Object]
2026-04-07 14:13:24 [31merror[39m:: [object Object]
2026-04-07 14:13:50 [31merror[39m:: [object Object]
2026-04-07 14:14:08 [31merror[39m:: [object Object]
2026-04-07 14:14:28 [32minfo[39m:: Server is running on port 5000
2026-04-07 14:14:33 [31merror[39m:: [object Object]
2026-04-07 14:15:53 [32minfo[39m:: Server is running on port 5000
2026-04-07 14:17:03 [31merror[39m:: [object Object]
2026-04-07 14:17:15 [32minfo[39m:: Server is running on port 5000
2026-04-07 14:17:20 [31merror[39m:: [object Object]
2026-04-07 14:17:42 [31merror[39m:: [object Object]
2026-04-07 14:20:09 [32minfo[39m:: Server is running on port 5000
2026-04-07 14:20:31 [31merror[39m:: [object Object]
2026-04-07 14:21:07 [32minfo[39m:: Server is running on port 5000
2026-04-07 14:21:15 [31merror[39m:: [object Object]
2026-04-07 14:24:06 [32minfo[39m:: Server is running on port 5000
2026-04-07 14:24:15 [31merror[39m:: [object Object]
2026-04-07 14:26:18 [32minfo[39m:: Server is running on port 5000
2026-04-07 14:26:32 [31merror[39m:: [object Object]
2026-04-07 14:27:16 [32minfo[39m:: Server is running on port 5000
2026-04-07 14:27:25 [31merror[39m:: [object Object]
2026-04-07 14:27:51 [32minfo[39m:: Server is running on port 5000
2026-04-07 14:28:08 [31merror[39m:: [object Object]
2026-04-07 14:29:08 [32minfo[39m:: Server is running on port 5000
2026-04-07 14:29:19 [31merror[39m:: [object Object]
2026-04-07 14:29:56 [31merror[39m:: [object Object]
2026-04-07 14:33:03 [32minfo[39m:: Server is running on port 5000
2026-04-07 14:33:13 [31merror[39m:: [object Object]
2026-04-07 14:33:23 [32minfo[39m:: Server is running on port 5000
2026-04-07 14:33:34 [31merror[39m:: [object Object]
2026-04-07 14:34:33 [32minfo[39m:: Server is running on port 5000
2026-04-07 14:34:39 [31merror[39m:: [object Object]
2026-04-07 14:35:53 [32minfo[39m:: Server is running on port 5000
2026-04-07 14:35:59 [31merror[39m:: [object Object]
2026-04-07 14:37:00 [32minfo[39m:: Server is running on port 5000
2026-04-07 14:37:17 [31merror[39m:: [object Object]
2026-04-07 14:37:31 [31merror[39m:: [object Object]
2026-04-07 14:37:46 [31merror[39m:: [object Object]
2026-04-07 14:39:50 [32minfo[39m:: Server is running on port 5000
2026-04-07 14:39:56 [31merror[39m:: [object Object]
2026-04-07 14:40:42 [32minfo[39m:: Server is running on port 5000
2026-04-07 14:40:46 [31merror[39m:: [object Object]
2026-04-07 14:42:42 [32minfo[39m:: Server is running on port 5000
2026-04-07 14:42:44 [31merror[39m:: [object Object]
2026-04-07 14:43:05 [32minfo[39m:: Server is running on port 5000
2026-04-07 14:43:14 [31merror[39m:: [object Object]
2026-04-07 14:44:43 [32minfo[39m:: Server is running on port 5000
2026-04-07 14:44:47 [31merror[39m:: [object Object]
2026-04-07 14:45:18 [32minfo[39m:: Server is running on port 5000
2026-04-07 14:45:22 [31merror[39m:: [object Object]
2026-04-07 14:46:39 [32minfo[39m:: Server is running on port 5000
2026-04-07 14:46:41 [31merror[39m:: [object Object]
2026-04-07 14:49:28 [32minfo[39m:: Server is running on port 5000
2026-04-07 14:49:31 [31merror[39m:: [object Object]
2026-04-07 21:03:02 [32minfo[39m:: Server is running on port 5000
2026-04-07 21:03:28 [31merror[39m:: [object Object]
2026-04-07 21:23:27 [32minfo[39m:: Server is running on port 5000
2026-04-07 21:24:04 [31merror[39m:: [object Object]
2026-04-07 21:26:20 [32minfo[39m:: Server is running on port 5000
2026-04-07 21:26:33 [31merror[39m:: Only JPG, PNG and JPEG files are allowed
2026-04-07 21:27:03 [31merror[39m:: [object Object]
2026-04-07 21:27:22 [31merror[39m:: [object Object]
2026-04-07 21:28:18 [31merror[39m:: [object Object]
2026-04-07 21:40:13 [32minfo[39m:: Server is running on port 5000
2026-04-07 21:41:04 [31merror[39m:: image upload failed
2026-04-07 21:42:10 [32minfo[39m:: Server is running on port 5000
2026-04-07 21:44:46 [31merror[39m:: Only JPG, PNG and JPEG files are allowed
2026-04-07 21:44:57 [31merror[39m:: Duplicate entry 'Hello world' for key 'categories.name'
2026-04-07 21:44:57 [31merror[39m:: Failed to create category
2026-04-08 13:45:15 [32minfo[39m:: Server is running on port 5000
2026-04-08 13:45:42 [32minfo[39m:: Server is running on port 5000
2026-04-08 13:57:13 [32minfo[39m:: Server is running on port 5000
2026-04-08 13:59:24 [32minfo[39m:: Server is running on port 5000
2026-04-08 14:00:02 [32minfo[39m:: Server is running on port 5000
2026-04-08 14:02:38 [32minfo[39m:: Server is running on port 5000
2026-04-08 14:03:19 [32minfo[39m:: Server is running on port 5000
2026-04-08 14:03:58 [32minfo[39m:: Server is running on port 5000
2026-04-08 14:04:17 [32minfo[39m:: Server is running on port 5000
2026-04-08 14:04:23 [31merror[39m:: Cannot read properties of undefined (reading 'id')
2026-04-08 14:04:39 [31merror[39m:: Cannot read properties of undefined (reading 'id')
2026-04-08 14:04:43 [31merror[39m:: Cannot read properties of undefined (reading 'id')
2026-04-08 14:11:22 [32minfo[39m:: Server is running on port 5000
2026-04-08 14:12:39 [32minfo[39m:: Server is running on port 5000
2026-04-08 14:12:41 [31merror[39m:: Please enter delete category name
2026-04-08 14:13:09 [31merror[39m:: Please enter delete category name
2026-04-08 14:13:44 [32minfo[39m:: Server is running on port 5000
2026-04-08 14:28:01 [32minfo[39m:: Server is running on port 5000
2026-04-08 14:28:04 [31merror[39m:: Cannot read properties of undefined (reading 'id')
2026-04-08 14:30:17 [31merror[39m:: Cannot read properties of undefined (reading 'id')
2026-04-08 14:30:36 [32minfo[39m:: Server is running on port 5000
2026-04-08 14:30:38 [31merror[39m:: Cannot read properties of undefined (reading 'id')
2026-04-08 14:31:11 [32minfo[39m:: Server is running on port 5000
2026-04-08 14:31:13 [31merror[39m:: Cannot read properties of undefined (reading 'id')
2026-04-08 14:32:37 [32minfo[39m:: Server is running on port 5000
2026-04-08 14:32:41 [31merror[39m:: Cannot read properties of undefined (reading 'id')
2026-04-08 14:33:45 [32minfo[39m:: Server is running on port 5000
2026-04-08 14:33:47 [31merror[39m:: Cannot read properties of undefined (reading 'id')
2026-04-08 14:34:03 [32minfo[39m:: Server is running on port 5000
2026-04-08 14:34:05 [31merror[39m:: Cannot read properties of undefined (reading 'id')
2026-04-08 14:34:27 [32minfo[39m:: Server is running on port 5000
2026-04-08 14:34:30 [31merror[39m:: Cannot read properties of undefined (reading 'id')
2026-04-08 14:34:55 [32minfo[39m:: Server is running on port 5000
2026-04-08 14:34:57 [31merror[39m:: Cannot read properties of undefined (reading 'id')
2026-04-08 14:36:38 [32minfo[39m:: Server is running on port 5000
2026-04-08 14:36:40 [31merror[39m:: Cannot read properties of undefined (reading 'id')
2026-04-08 14:37:13 [32minfo[39m:: Server is running on port 5000
2026-04-08 14:37:15 [31merror[39m:: Cannot read properties of undefined (reading 'id')
2026-04-08 14:37:26 [32minfo[39m:: Server is running on port 5000
2026-04-08 14:37:28 [31merror[39m:: Cannot read properties of undefined (reading 'id')
2026-04-08 14:37:47 [31merror[39m:: Cannot read properties of undefined (reading 'id')
2026-04-08 14:37:55 [32minfo[39m:: Server is running on port 5000
2026-04-08 14:37:57 [31merror[39m:: Cannot read properties of undefined (reading 'id')
2026-04-08 14:41:23 [32minfo[39m:: Server is running on port 5000
2026-04-08 14:41:25 [31merror[39m:: Failed to delete category
2026-04-08 14:41:25 [31merror[39m:: Failed to delete category
2026-04-08 14:42:43 [32minfo[39m:: Server is running on port 5000
2026-04-08 14:51:26 [32minfo[39m:: Server is running on port 5000
2026-04-08 14:56:25 [32minfo[39m:: Server is running on port 5000
2026-04-08 14:56:42 [31merror[39m:: Failed to delete tag
2026-04-08 14:56:42 [31merror[39m:: Failed to delete tag
2026-04-08 14:56:42 [31merror[39m:: Failed to delete tag
2026-04-08 14:57:38 [32minfo[39m:: Server is running on port 5000
2026-04-08 14:57:39 [31merror[39m:: Failed to delete tag
2026-04-08 14:57:39 [31merror[39m:: Failed to delete tag
2026-04-08 14:57:39 [31merror[39m:: Failed to delete tag
2026-04-08 14:57:49 [32minfo[39m:: Server is running on port 5000
2026-04-08 14:57:58 [31merror[39m:: Failed to delete tag
2026-04-08 14:57:58 [31merror[39m:: Failed to delete tag
2026-04-08 14:57:58 [31merror[39m:: Failed to delete tag
2026-04-08 15:26:02 [32minfo[39m:: Server is running on port 5000
2026-04-08 15:26:17 [31merror[39m:: category not found
2026-04-08 15:57:58 [32minfo[39m:: Server is running on port 5000
2026-04-08 16:00:21 [32minfo[39m:: Server is running on port 5000
2026-04-08 16:24:05 [32minfo[39m:: Server is running on port 5000
2026-04-08 16:25:57 [31merror[39m:: brand not found
2026-04-08 16:27:20 [32minfo[39m:: Server is running on port 5000
2026-04-08 17:03:42 [32minfo[39m:: Server is running on port 5000
2026-04-08 17:07:27 [32minfo[39m:: Server is running on port 5000
2026-04-08 17:07:50 [32minfo[39m:: Server is running on port 5000
2026-04-08 17:08:56 [32minfo[39m:: Server is running on port 5000
2026-04-08 17:10:16 [32minfo[39m:: Server is running on port 5000
2026-04-08 17:12:34 [32minfo[39m:: Server is running on port 5000
2026-04-08 17:14:53 [32minfo[39m:: Server is running on port 5000
2026-04-08 17:15:32 [32minfo[39m:: Server is running on port 5000
2026-04-08 17:15:45 [32minfo[39m:: Server is running on port 5000
2026-04-08 17:16:44 [32minfo[39m:: Server is running on port 5000
2026-04-08 17:17:05 [32minfo[39m:: Server is running on port 5000
2026-04-08 17:17:11 [31merror[39m:: [object Object]
2026-04-08 17:17:11 [31merror[39m:: Failed to search product
2026-04-08 17:18:33 [32minfo[39m:: Server is running on port 5000
2026-04-08 17:19:02 [32minfo[39m:: Server is running on port 5000
2026-04-08 17:19:10 [31merror[39m:: [object Object]
2026-04-08 17:19:10 [31merror[39m:: Failed to search product
2026-04-08 17:20:09 [32minfo[39m:: Server is running on port 5000
2026-04-08 17:20:22 [31merror[39m:: [object Object]
2026-04-08 17:20:22 [31merror[39m:: Failed to search product
2026-04-08 17:24:49 [32minfo[39m:: Server is running on port 5000
2026-04-08 17:27:40 [32minfo[39m:: Server is running on port 5000
2026-04-08 17:28:11 [32minfo[39m:: 5
2026-04-08 17:28:18 [32minfo[39m:: 5
2026-04-08 17:28:28 [32minfo[39m:: 18
2026-04-08 17:28:36 [32minfo[39m:: Server is running on port 5000
2026-04-08 17:28:40 [32minfo[39m:: 18
2026-04-08 17:28:56 [32minfo[39m:: 3
2026-04-08 17:29:14 [32minfo[39m:: 5
2026-04-08 17:30:10 [32minfo[39m:: 19
2026-04-08 17:30:19 [32minfo[39m:: 40
2026-04-08 17:30:29 [32minfo[39m:: 42
2026-04-08 18:30:39 [32minfo[39m:: Server is running on port 5000
2026-04-08 18:31:43 [32minfo[39m:: 42
2026-04-08 18:34:28 [32minfo[39m:: Server is running on port 5000
2026-04-08 18:34:36 [32minfo[39m:: 42
2026-04-08 18:34:42 [32minfo[39m:: 40
2026-04-08 18:34:50 [32minfo[39m:: 40
2026-04-08 18:34:55 [32minfo[39m:: 40
2026-04-08 18:36:47 [32minfo[39m:: Server is running on port 5000
2026-04-08 18:37:08 [32minfo[39m:: Server is running on port 5000
2026-04-08 18:37:30 [32minfo[39m:: 40
2026-04-08 18:37:50 [32minfo[39m:: 40
2026-04-08 18:53:03 [32minfo[39m:: Server is running on port 5000
2026-04-08 18:53:06 [32minfo[39m:: 40
2026-04-08 18:53:55 [32minfo[39m:: Server is running on port 5000
2026-04-08 18:54:36 [32minfo[39m:: Server is running on port 5000
2026-04-08 18:55:19 [32minfo[39m:: Server is running on port 5000
2026-04-08 19:34:59 [32minfo[39m:: Server is running on port 5000
2026-04-08 19:35:16 [32minfo[39m:: 40
2026-04-08 19:35:36 [32minfo[39m:: 40
2026-04-08 19:35:45 [32minfo[39m:: 26
2026-04-08 19:35:48 [32minfo[39m:: 26
2026-04-08 19:35:52 [32minfo[39m:: 20
2026-04-08 19:35:56 [32minfo[39m:: 20
2026-04-08 19:36:02 [32minfo[39m:: 40
2026-04-08 19:42:27 [32minfo[39m:: Server is running on port 5000
2026-04-08 19:42:41 [32minfo[39m:: 40
2026-04-08 19:42:53 [32minfo[39m:: 40
2026-04-08 19:43:02 [32minfo[39m:: 26
2026-04-08 19:43:10 [32minfo[39m:: 40
2026-04-08 19:44:14 [32minfo[39m:: Server is running on port 5000
2026-04-08 19:44:37 [32minfo[39m:: Server is running on port 5000
2026-04-08 19:47:32 [32minfo[39m:: Server is running on port 5000
2026-04-08 19:47:58 [32minfo[39m:: Server is running on port 5000
2026-04-08 19:50:21 [32minfo[39m:: Server is running on port 5000
2026-04-08 19:50:40 [32minfo[39m:: Server is running on port 5000
2026-04-08 19:51:15 [32minfo[39m:: Server is running on port 5000
2026-04-08 19:52:28 [32minfo[39m:: Server is running on port 5000
2026-04-08 19:52:34 [32minfo[39m:: 40
2026-04-08 19:54:28 [32minfo[39m:: Server is running on port 5000
2026-04-08 19:55:39 [32minfo[39m:: Server is running on port 5000
2026-04-08 19:56:30 [32minfo[39m:: Server is running on port 5000
2026-04-08 19:57:04 [32minfo[39m:: Server is running on port 5000
2026-04-08 19:57:41 [32minfo[39m:: Server is running on port 5000
2026-04-08 19:57:43 [32minfo[39m:: Hello,Hello
2026-04-08 19:58:11 [32minfo[39m:: 40
2026-04-08 23:17:46 [32minfo[39m:: Server is running on port 5000
2026-04-08 23:18:01 [32minfo[39m:: 40
2026-04-08 23:18:06 [32minfo[39m:: 40
2026-04-08 23:18:17 [32minfo[39m:: 40
2026-04-08 23:18:24 [32minfo[39m:: 40
2026-04-08 23:18:25 [32minfo[39m:: 40
2026-04-08 23:18:31 [32minfo[39m:: 40
2026-04-08 23:27:16 [32minfo[39m:: Server is running on port 5000
2026-04-08 23:27:46 [32minfo[39m:: 40
2026-04-08 23:28:01 [32minfo[39m:: 40
2026-04-08 23:28:19 [32minfo[39m:: 40
2026-04-08 23:28:32 [32minfo[39m:: 40
2026-04-08 23:28:32 [32minfo[39m:: 40
2026-04-08 23:30:58 [32minfo[39m:: 17
2026-04-08 23:30:58 [32minfo[39m:: 40
2026-04-08 23:35:30 [32minfo[39m:: 26
2026-04-08 23:39:06 [32minfo[39m:: Server is running on port 5000
2026-04-08 23:39:23 [32minfo[39m:: 18
2026-04-08 23:40:55 [32minfo[39m:: 42
2026-04-08 23:50:32 [32minfo[39m:: Server is running on port 5000
2026-04-08 23:51:56 [32minfo[39m:: Server is running on port 5000
2026-04-08 23:53:47 [32minfo[39m:: Server is running on port 5000
2026-04-08 23:53:50 [32minfo[39m:: 42
2026-04-08 23:53:52 [32minfo[39m:: 42
2026-04-08 23:54:42 [32minfo[39m:: 42
2026-04-08 23:54:48 [32minfo[39m:: Server is running on port 5000
2026-04-08 23:54:50 [32minfo[39m:: 42
2026-04-08 23:56:20 [32minfo[39m:: Server is running on port 5000
2026-04-08 23:56:22 [32minfo[39m:: 42
2026-04-08 23:56:54 [32minfo[39m:: Server is running on port 5000
2026-04-08 23:56:56 [32minfo[39m:: 42
2026-04-08 23:58:25 [32minfo[39m:: Server is running on port 5000
2026-04-09 00:00:00 [31merror[39m:: Duplicate entry 'Football' for key 'categories.name'
2026-04-09 00:00:00 [31merror[39m:: Failed to create category
2026-04-09 00:00:36 [32minfo[39m:: 37
2026-04-09 00:00:36 [32minfo[39m:: 7
2026-04-09 00:02:03 [32minfo[39m:: 37
2026-04-09 00:02:03 [32minfo[39m:: 7
2026-04-09 00:02:03 [32minfo[39m:: 26
2026-04-09 00:02:55 [32minfo[39m:: 7
2026-04-09 00:02:55 [32minfo[39m:: 42
2026-04-09 00:03:35 [32minfo[39m:: 7
2026-04-09 00:03:43 [32minfo[39m:: 7
2026-04-09 00:03:43 [32minfo[39m:: 42
2026-04-09 00:08:27 [32minfo[39m:: Server is running on port 5000
2026-04-09 00:08:29 [32minfo[39m:: 7
2026-04-09 00:08:29 [32minfo[39m:: 42
2026-04-09 00:10:13 [32minfo[39m:: Server is running on port 5000
2026-04-09 00:10:15 [32minfo[39m:: 7
2026-04-09 00:10:15 [32minfo[39m:: 42
2026-04-09 00:12:49 [32minfo[39m:: Server is running on port 5000
2026-04-09 00:12:52 [32minfo[39m:: 7
2026-04-09 00:12:52 [32minfo[39m:: 42
2026-04-09 00:12:52 [32minfo[39m:: 7
2026-04-09 00:12:52 [32minfo[39m:: 42
2026-04-09 00:16:52 [32minfo[39m:: Server is running on port 5000
2026-04-09 00:16:55 [31merror[39m:: [object Object]
2026-04-09 00:16:55 [31merror[39m:: Failed to search product
2026-04-09 00:17:12 [31merror[39m:: [object Object]
2026-04-09 00:17:12 [31merror[39m:: Failed to search product
2026-04-09 00:17:24 [32minfo[39m:: Server is running on port 5000
2026-04-09 00:17:26 [32minfo[39m:: 7
2026-04-09 00:17:26 [32minfo[39m:: 42
2026-04-09 00:17:26 [32minfo[39m:: 7
2026-04-09 00:17:26 [32minfo[39m:: 42
2026-04-09 00:19:59 [32minfo[39m:: Server is running on port 5000
2026-04-09 00:20:01 [32minfo[39m:: 7
2026-04-09 00:20:01 [32minfo[39m:: 42
2026-04-09 00:20:01 [32minfo[39m:: 42
2026-04-09 00:25:55 [32minfo[39m:: Server is running on port 5000
2026-04-09 00:25:57 [32minfo[39m:: 7
2026-04-09 00:25:57 [32minfo[39m:: 42
2026-04-09 00:25:57 [32minfo[39m:: 42
2026-04-09 00:28:09 [32minfo[39m:: Server is running on port 5000
2026-04-09 00:28:11 [32minfo[39m:: 7
2026-04-09 00:28:11 [32minfo[39m:: 42
2026-04-09 00:28:11 [32minfo[39m:: 42
2026-04-09 00:28:30 [32minfo[39m:: Server is running on port 5000
2026-04-09 00:28:31 [32minfo[39m:: 7
2026-04-09 00:28:31 [32minfo[39m:: 42
2026-04-09 00:28:31 [32minfo[39m:: 42
2026-04-09 00:29:24 [32minfo[39m:: Server is running on port 5000
2026-04-09 00:29:29 [32minfo[39m:: 7
2026-04-09 00:30:33 [32minfo[39m:: 19
2026-04-09 00:30:33 [32minfo[39m:: 18
2026-04-09 00:30:33 [32minfo[39m:: 19
2026-04-09 00:31:27 [32minfo[39m:: 7
2026-04-09 00:31:27 [32minfo[39m:: 19
2026-04-09 12:14:53 [32minfo[39m:: Server is running on port 5000
2026-04-09 12:15:15 [32minfo[39m:: 7
2026-04-09 12:15:15 [32minfo[39m:: 19
2026-04-09 12:17:21 [32minfo[39m:: Server is running on port 5000
2026-04-09 12:19:28 [32minfo[39m:: Server is running on port 5000
2026-04-09 12:20:26 [32minfo[39m:: 7
2026-04-09 12:21:02 [32minfo[39m:: 7
2026-04-09 12:21:02 [32minfo[39m:: 19
2026-04-09 12:21:05 [32minfo[39m:: 7
2026-04-09 12:22:15 [32minfo[39m:: Server is running on port 5000
2026-04-09 12:22:27 [32minfo[39m:: Server is running on port 5000
2026-04-09 12:23:00 [32minfo[39m:: 7
2026-04-09 12:23:33 [32minfo[39m:: Server is running on port 5000
2026-04-09 12:23:36 [32minfo[39m:: 7
2026-04-09 12:23:36 [32minfo[39m:: 19
2026-04-09 12:24:30 [32minfo[39m:: Server is running on port 5000
2026-04-09 12:24:32 [32minfo[39m:: 7
2026-04-09 12:24:32 [32minfo[39m:: 19
2026-04-09 12:24:39 [32minfo[39m:: 7
2026-04-09 12:24:43 [32minfo[39m:: 7
2026-04-09 12:24:43 [32minfo[39m:: 19
2026-04-09 12:24:47 [32minfo[39m:: 7
2026-04-09 12:24:47 [32minfo[39m:: 19
2026-04-09 12:24:47 [32minfo[39m:: 26
2026-04-09 12:24:47 [32minfo[39m:: 26
2026-04-09 12:24:47 [32minfo[39m:: 7
2026-04-09 12:24:56 [32minfo[39m:: 7
2026-04-09 12:24:56 [32minfo[39m:: 42
2026-04-09 12:24:56 [32minfo[39m:: 42
2026-04-09 12:30:17 [32minfo[39m:: Server is running on port 5000
2026-04-09 12:30:30 [32minfo[39m:: 7
2026-04-09 12:31:07 [32minfo[39m:: Server is running on port 5000
2026-04-09 12:31:09 [32minfo[39m:: 7
2026-04-09 12:31:27 [32minfo[39m:: Server is running on port 5000
2026-04-09 12:31:29 [32minfo[39m:: 7
2026-04-09 12:31:51 [32minfo[39m:: 7
2026-04-09 12:31:55 [32minfo[39m:: Server is running on port 5000
2026-04-09 12:31:57 [32minfo[39m:: 7
2026-04-09 12:32:51 [32minfo[39m:: Server is running on port 5000
2026-04-09 12:32:54 [32minfo[39m:: 7
2026-04-09 12:33:03 [32minfo[39m:: 18
2026-04-09 12:34:19 [32minfo[39m:: Server is running on port 5000
2026-04-09 12:34:22 [32minfo[39m:: 18
2026-04-09 12:35:13 [32minfo[39m:: Server is running on port 5000
2026-04-09 12:35:15 [32minfo[39m:: 18
2026-04-09 12:35:22 [32minfo[39m:: 18
2026-04-09 12:37:22 [32minfo[39m:: Server is running on port 5000
2026-04-09 12:37:38 [32minfo[39m:: 7
2026-04-09 12:37:38 [32minfo[39m:: 18
2026-04-09 12:37:38 [32minfo[39m:: 7
2026-04-09 12:41:17 [32minfo[39m:: Server is running on port 5000
2026-04-09 12:41:44 [32minfo[39m:: 5
2026-04-09 12:42:17 [32minfo[39m:: Server is running on port 5000
2026-04-09 12:42:18 [32minfo[39m:: 5
2026-04-09 12:44:51 [32minfo[39m:: 5
2026-04-09 12:45:46 [32minfo[39m:: Server is running on port 5000
2026-04-09 12:46:20 [32minfo[39m:: 40
2026-04-09 12:46:56 [32minfo[39m:: Server is running on port 5000
2026-04-09 12:51:40 [32minfo[39m:: Server is running on port 5000
2026-04-09 12:52:05 [32minfo[39m:: 7
2026-04-09 12:52:05 [32minfo[39m:: 27
2026-04-09 12:52:05 [32minfo[39m:: 27
2026-04-09 12:52:47 [32minfo[39m:: 7
2026-04-09 12:52:47 [32minfo[39m:: 27
2026-04-09 12:52:48 [32minfo[39m:: 27
2026-04-09 12:53:00 [32minfo[39m:: Server is running on port 5000
2026-04-09 12:53:03 [32minfo[39m:: 7
2026-04-09 12:53:03 [32minfo[39m:: 27
2026-04-09 12:53:03 [32minfo[39m:: 27
2026-04-09 12:54:57 [32minfo[39m:: Server is running on port 5000
2026-04-09 12:55:16 [32minfo[39m:: 7
2026-04-09 12:55:16 [32minfo[39m:: 19
2026-04-09 12:55:16 [32minfo[39m:: 7
2026-04-09 13:17:23 [32minfo[39m:: Server is running on port 5000
2026-04-09 13:20:00 [32minfo[39m:: Server is running on port 5000
2026-04-09 17:20:09 [32minfo[39m:: Server is running on port 5000
2026-04-09 17:21:55 [32minfo[39m:: 7
2026-04-09 17:21:56 [32minfo[39m:: 19
2026-04-09 17:21:56 [32minfo[39m:: 7
2026-04-09 17:28:07 [32minfo[39m:: Server is running on port 5000
2026-04-09 17:28:09 [32minfo[39m:: 7
2026-04-09 17:28:09 [32minfo[39m:: 19
2026-04-09 17:28:09 [32minfo[39m:: 7
2026-04-09 17:45:40 [32minfo[39m:: Server is running on port 5000
2026-04-09 17:45:47 [32minfo[39m:: Server is running on port 5000
2026-04-09 17:48:18 [32minfo[39m:: Server is running on port 5000
2026-04-09 17:49:46 [32minfo[39m:: Server is running on port 5000
2026-04-09 17:50:51 [32minfo[39m:: Server is running on port 5000
2026-04-09 18:03:25 [32minfo[39m:: Server is running on port 5000
2026-04-09 18:04:27 [32minfo[39m:: Server is running on port 5000
2026-04-09 18:04:41 [32minfo[39m:: Server is running on port 5000
2026-04-09 19:54:56 [32minfo[39m:: Server is running on port 5000
2026-04-09 20:06:17 [32minfo[39m:: Server is running on port 5000
2026-04-09 20:08:12 [32minfo[39m:: Server is running on port 5000
2026-04-09 20:10:59 [32minfo[39m:: Server is running on port 5000
2026-04-09 20:19:48 [32minfo[39m:: Server is running on port 5000
2026-04-09 20:20:26 [32minfo[39m:: Server is running on port 5000
2026-04-09 20:28:48 [32minfo[39m:: Server is running on port 5000
2026-04-09 20:30:09 [32minfo[39m:: Server is running on port 5000
2026-04-09 20:32:37 [32minfo[39m:: Server is running on port 5000
2026-04-09 20:34:58 [32minfo[39m:: Server is running on port 5000
2026-04-09 20:36:47 [32minfo[39m:: Server is running on port 5000
2026-04-09 20:46:47 [32minfo[39m:: Server is running on port 5000
2026-04-09 20:47:44 [32minfo[39m:: Server is running on port 5000
2026-04-09 20:48:03 [32minfo[39m:: Server is running on port 5000
2026-04-10 08:21:08 [32minfo[39m:: Server is running on port 5000
2026-04-10 08:21:13 [31merror[39m:: You have an error in your SQL syntax; check the manual that corresponds to your MySQL server version for the right syntax to use near '?

GROUP BY p.id' at line 55
2026-04-10 08:21:13 [31merror[39m:: Failed to show products
2026-04-10 08:27:51 [32minfo[39m:: Server is running on port 5000
2026-04-10 08:27:53 [31merror[39m:: You have an error in your SQL syntax; check the manual that corresponds to your MySQL server version for the right syntax to use near '?

GROUP BY p.id' at line 55
2026-04-10 08:27:53 [31merror[39m:: Failed to show products
2026-04-10 08:27:54 [31merror[39m:: You have an error in your SQL syntax; check the manual that corresponds to your MySQL server version for the right syntax to use near '?

GROUP BY p.id' at line 55
2026-04-10 08:27:54 [31merror[39m:: Failed to show products
2026-04-10 08:27:55 [31merror[39m:: You have an error in your SQL syntax; check the manual that corresponds to your MySQL server version for the right syntax to use near '?

GROUP BY p.id' at line 55
2026-04-10 08:27:55 [31merror[39m:: Failed to show products
2026-04-10 08:29:50 [32minfo[39m:: Server is running on port 5000
2026-04-10 08:32:14 [32minfo[39m:: Server is running on port 5000
2026-04-10 08:38:19 [32minfo[39m:: Server is running on port 5000
2026-04-10 08:38:24 [32minfo[39m:: 7
2026-04-10 08:40:32 [32minfo[39m:: Server is running on port 5000
2026-04-10 08:40:50 [32minfo[39m:: 5
2026-04-10 08:41:10 [32minfo[39m:: 3
2026-04-10 08:42:48 [32minfo[39m:: Server is running on port 5000
2026-04-10 08:43:04 [32minfo[39m:: 26
2026-04-10 08:43:22 [32minfo[39m:: 20
2026-04-10 08:43:27 [32minfo[39m:: 27
2026-04-10 08:43:33 [32minfo[39m:: 20
2026-04-10 08:43:38 [32minfo[39m:: 19
2026-04-10 08:44:48 [32minfo[39m:: Server is running on port 5000
2026-04-10 08:45:12 [32minfo[39m:: Server is running on port 5000
2026-04-10 08:45:31 [32minfo[39m:: 7
2026-04-10 08:45:31 [32minfo[39m:: 19
2026-04-10 08:45:31 [32minfo[39m:: 7
2026-04-10 08:51:49 [32minfo[39m:: Server is running on port 5000
2026-04-10 08:51:57 [32minfo[39m:: 7
2026-04-10 08:51:57 [32minfo[39m:: 42
2026-04-10 08:51:57 [32minfo[39m:: 42
2026-04-10 08:52:07 [32minfo[39m:: 7
2026-04-10 08:52:23 [32minfo[39m:: 7
2026-04-10 08:52:23 [32minfo[39m:: 27
2026-04-10 08:52:23 [32minfo[39m:: 27
2026-04-10 08:52:43 [32minfo[39m:: 7
2026-04-10 08:52:43 [32minfo[39m:: 27
2026-04-10 08:52:43 [32minfo[39m:: 27
2026-04-10 08:52:47 [32minfo[39m:: 7
2026-04-10 08:53:04 [32minfo[39m:: 7
2026-04-10 08:53:04 [32minfo[39m:: 7
2026-04-10 08:53:05 [32minfo[39m:: 18
2026-04-10 08:53:12 [32minfo[39m:: 18
2026-04-10 08:53:22 [32minfo[39m:: 7
2026-04-10 08:53:22 [32minfo[39m:: 18
2026-04-10 08:53:22 [32minfo[39m:: 7
2026-04-10 08:53:31 [32minfo[39m:: 7
2026-04-10 08:53:49 [32minfo[39m:: 7
2026-04-10 08:53:49 [32minfo[39m:: 19
2026-04-10 08:53:49 [32minfo[39m:: 7
2026-04-10 08:53:58 [32minfo[39m:: 7
2026-04-10 08:53:58 [32minfo[39m:: 26
2026-04-10 08:54:03 [32minfo[39m:: 7
2026-04-10 08:54:03 [32minfo[39m:: 26
2026-04-10 08:54:51 [32minfo[39m:: 7
2026-04-10 08:54:51 [32minfo[39m:: 26
2026-04-10 08:55:05 [32minfo[39m:: 26
2026-04-10 08:56:32 [32minfo[39m:: 7
2026-04-10 08:56:32 [32minfo[39m:: 7
2026-04-10 08:56:32 [32minfo[39m:: 18
2026-04-10 08:58:05 [32minfo[39m:: Server is running on port 5000
2026-04-10 08:58:10 [32minfo[39m:: 7
2026-04-10 08:58:10 [32minfo[39m:: 26
2026-04-10 08:58:34 [32minfo[39m:: 7
2026-04-10 08:59:00 [32minfo[39m:: 7
2026-04-10 08:59:00 [32minfo[39m:: 27
2026-04-10 08:59:00 [32minfo[39m:: 27
2026-04-10 11:53:35 [32minfo[39m:: Server is running on port 5000
2026-04-10 12:26:40 [32minfo[39m:: Server is running on port 5000
2026-04-10 12:29:16 [32minfo[39m:: Server is running on port 5000
2026-04-10 12:30:17 [32minfo[39m:: Server is running on port 5000
2026-04-10 12:30:55 [32minfo[39m:: Server is running on port 5000
2026-04-10 12:31:52 [32minfo[39m:: Server is running on port 5000
2026-04-10 12:40:24 [32minfo[39m:: Server is running on port 5000
2026-04-10 12:41:41 [32minfo[39m:: Server is running on port 5000
2026-04-10 12:42:28 [32minfo[39m:: Server is running on port 5000
2026-04-10 12:50:22 [32minfo[39m:: Server is running on port 5000
2026-04-10 12:52:32 [32minfo[39m:: Server is running on port 5000
2026-04-10 13:17:12 [32minfo[39m:: Server is running on port 5000
2026-04-10 13:18:13 [32minfo[39m:: Server is running on port 5000
2026-04-10 13:18:29 [32minfo[39m:: Server is running on port 5000
2026-04-10 13:19:22 [32minfo[39m:: Server is running on port 5000
2026-04-10 13:19:27 [32minfo[39m:: Server is running on port 5000
2026-04-10 13:19:32 [31merror[39m:: Cannot upload product
2026-04-10 13:21:12 [32minfo[39m:: Server is running on port 5000
2026-04-10 13:24:26 [32minfo[39m:: Server is running on port 5000
2026-04-10 13:27:28 [32minfo[39m:: Server is running on port 5000
2026-04-10 13:28:39 [32minfo[39m:: Server is running on port 5000
2026-04-10 13:34:30 [32minfo[39m:: Server is running on port 5000
2026-04-10 13:38:21 [32minfo[39m:: Server is running on port 5000
2026-04-10 13:40:27 [32minfo[39m:: Server is running on port 50002026-04-10 13:51:04 [32minfo[39m:: Server is running on port 5000
2026-04-10 13:54:03 [32minfo[39m:: Server is running on port 5000
2026-04-10 14:02:10 [32minfo[39m:: Server is running on port 5000
2026-04-10 14:02:20 [32minfo[39m:: delete image successful
2026-04-10 14:02:52 [32minfo[39m:: Server is running on port 5000
2026-04-10 14:08:28 [32minfo[39m:: Server is running on port 5000
2026-04-10 14:08:36 [32minfo[39m:: delete image successful
2026-04-10 14:19:26 [32minfo[39m:: Server is running on port 5000
2026-04-10 14:19:34 [32minfo[39m:: delete image successful
2026-04-10 20:17:43 [32minfo[39m:: Server is running on port 5000
2026-04-10 20:18:29 [32minfo[39m:: delete image successful
2026-04-10 20:20:04 [32minfo[39m:: Server is running on port 5000
2026-04-10 20:20:13 [32minfo[39m:: delete image successful
2026-04-10 20:21:34 [32minfo[39m:: Server is running on port 5000
2026-04-10 20:21:42 [32minfo[39m:: delete image successful
2026-04-10 20:30:11 [32minfo[39m:: Server is running on port 5000
2026-04-10 20:30:23 [32minfo[39m:: delete image successful
2026-04-10 20:30:39 [32minfo[39m:: delete image successful
2026-04-10 20:31:32 [32minfo[39m:: Server is running on port 5000
2026-04-10 20:31:50 [32minfo[39m:: delete image successful
2026-04-10 20:32:02 [32minfo[39m:: delete image successful
2026-04-10 20:32:03 [31merror[39m:: Cannot read properties of undefined (reading 'id')
2026-04-10 20:32:03 [31merror[39m:: Failed to update product
2026-04-10 20:32:14 [32minfo[39m:: delete image successful
2026-04-10 20:32:14 [31merror[39m:: Cannot read properties of undefined (reading 'id')
2026-04-10 20:32:14 [31merror[39m:: Failed to update product
2026-04-10 20:33:28 [32minfo[39m:: Server is running on port 5000
2026-04-10 20:33:37 [32minfo[39m:: delete image successful
2026-04-10 20:33:37 [31merror[39m:: Cannot read properties of undefined (reading 'id')
2026-04-10 20:33:37 [31merror[39m:: Failed to update product
2026-04-10 20:38:56 [32minfo[39m:: Server is running on port 5000
2026-04-10 20:39:03 [32minfo[39m:: delete image successful
2026-04-10 20:39:03 [31merror[39m:: Cannot read properties of undefined (reading 'id')
2026-04-10 20:39:03 [31merror[39m:: Failed to update product
2026-04-10 20:43:33 [32minfo[39m:: Server is running on port 5000
2026-04-10 20:43:40 [32minfo[39m:: delete image successful
2026-04-10 20:44:12 [32minfo[39m:: Server is running on port 5000
2026-04-10 20:44:24 [32minfo[39m:: delete image successful
2026-04-10 20:44:46 [32minfo[39m:: Server is running on port 5000
2026-04-10 20:44:55 [32minfo[39m:: delete image successful
2026-04-10 20:45:06 [32minfo[39m:: delete image successful
2026-04-10 20:51:57 [32minfo[39m:: Server is running on port 5000
2026-04-10 20:52:05 [32minfo[39m:: delete image successful
2026-04-10 20:52:07 [32minfo[39m:: delete image successful
2026-04-10 21:37:31 [32minfo[39m:: Server is running on port 5000
2026-04-10 21:39:23 [32minfo[39m:: delete image successful
2026-04-10 21:42:22 [32minfo[39m:: delete image successful
2026-04-10 21:42:49 [32minfo[39m:: delete image successful
2026-04-10 21:43:46 [32minfo[39m:: delete image successful
2026-04-10 21:44:34 [32minfo[39m:: delete image successful
2026-04-10 21:44:45 [32minfo[39m:: delete image successful
2026-04-10 21:45:14 [32minfo[39m:: delete image successful
2026-04-10 21:45:26 [32minfo[39m:: delete image successful
2026-04-10 21:46:05 [32minfo[39m:: delete image successful
2026-04-10 21:46:30 [32minfo[39m:: delete image successful
2026-04-10 21:47:16 [32minfo[39m:: delete image successful
2026-04-10 21:47:37 [32minfo[39m:: delete image successful
2026-04-10 23:49:15 [32minfo[39m:: Server is running on port 5000
2026-04-10 23:49:36 [32minfo[39m:: delete image successful
2026-04-10 23:49:59 [32minfo[39m:: delete image successful
2026-04-10 23:50:15 [32minfo[39m:: Server is running on port 5000
2026-04-10 23:51:20 [32minfo[39m:: delete image successful
2026-04-10 23:52:45 [32minfo[39m:: delete image successful
2026-04-10 23:52:59 [32minfo[39m:: delete image successful
2026-04-10 23:53:14 [32minfo[39m:: delete image successful
2026-04-11 00:00:16 [32minfo[39m:: Server is running on port 5000
2026-04-11 00:01:45 [31merror[39m:: category not found
2026-04-11 00:01:56 [31merror[39m:: category not found
2026-04-11 00:03:29 [31merror[39m:: category not found
2026-04-11 00:10:56 [32minfo[39m:: Server is running on port 5000
2026-04-11 00:12:16 [32minfo[39m:: Server is running on port 5000
2026-04-11 11:21:10 [32minfo[39m:: Server is running on port 5000
2026-04-11 11:21:53 [32minfo[39m:: delete image successful
2026-04-11 11:21:53 [31merror[39m:: Cannot read properties of undefined (reading 'id')
2026-04-11 11:21:53 [31merror[39m:: Failed to update product
2026-04-11 11:22:07 [32minfo[39m:: delete image successful
2026-04-11 11:22:07 [31merror[39m:: Cannot read properties of undefined (reading 'id')
2026-04-11 11:22:07 [31merror[39m:: Failed to update product
2026-04-11 11:22:38 [32minfo[39m:: delete image successful
2026-04-11 11:22:38 [31merror[39m:: Cannot read properties of undefined (reading 'id')
2026-04-11 11:22:38 [31merror[39m:: Failed to update product
2026-04-11 11:24:03 [32minfo[39m:: Server is running on port 5000
2026-04-11 11:24:11 [32minfo[39m:: delete image successful
2026-04-11 11:24:11 [31merror[39m:: Cannot read properties of undefined (reading 'id')
2026-04-11 11:24:11 [31merror[39m:: Failed to update product
2026-04-11 11:25:09 [32minfo[39m:: Server is running on port 5000
2026-04-11 11:25:17 [32minfo[39m:: delete image successful
2026-04-11 11:25:17 [31merror[39m:: Cannot read properties of undefined (reading 'id')
2026-04-11 11:25:17 [31merror[39m:: Failed to update product
2026-04-11 11:26:05 [32minfo[39m:: Server is running on port 5000
2026-04-11 11:26:43 [32minfo[39m:: delete image successful
2026-04-11 11:27:52 [32minfo[39m:: Server is running on port 5000
2026-04-11 11:28:08 [32minfo[39m:: delete image successful
2026-04-11 11:28:27 [32minfo[39m:: Server is running on port 5000
2026-04-11 11:28:34 [32minfo[39m:: delete image successful
2026-04-11 11:33:54 [32minfo[39m:: delete image successful
2026-04-11 11:38:44 [32minfo[39m:: delete image successful
2026-04-11 11:39:17 [32minfo[39m:: delete image successful
2026-04-11 11:41:18 [32minfo[39m:: Server is running on port 5000
2026-04-11 11:56:15 [32minfo[39m:: Server is running on port 5000
2026-04-11 11:58:55 [32minfo[39m:: delete image successful
2026-04-11 12:02:36 [32minfo[39m:: Server is running on port 5000
2026-04-11 12:04:24 [32minfo[39m:: delete image successful
2026-04-11 12:10:01 [32minfo[39m:: Server is running on port 5000
2026-04-11 12:14:55 [32minfo[39m:: Server is running on port 5000
2026-04-11 12:17:13 [32minfo[39m:: Server is running on port 5000
2026-04-11 12:17:53 [32minfo[39m:: delete image successful
2026-04-11 12:23:35 [32minfo[39m:: Server is running on port 5000
2026-04-11 12:24:08 [32minfo[39m:: delete image successful
2026-04-11 12:30:26 [32minfo[39m:: Server is running on port 5000
2026-04-11 12:49:29 [32minfo[39m:: Server is running on port 5000
2026-04-11 13:14:45 [32minfo[39m:: Server is running on port 5000
2026-04-12 20:25:23 [32minfo[39m:: Server is running on port 5000
2026-04-12 20:27:55 [32minfo[39m:: Server is running on port 5000
2026-04-12 20:28:42 [32minfo[39m:: Server is running on port 5000
2026-04-12 20:29:20 [32minfo[39m:: Server is running on port 5000
2026-04-12 20:30:14 [32minfo[39m:: Server is running on port 5000
2026-04-12 20:30:17 [31merror[39m:: Cannot read properties of undefined (reading 'id')
2026-04-12 20:30:17 [31merror[39m:: Failed to create user
2026-04-12 20:30:40 [31merror[39m:: Cannot read properties of undefined (reading 'id')
2026-04-12 20:30:40 [31merror[39m:: Failed to create user
2026-04-12 21:04:23 [32minfo[39m:: Server is running on port 5000
2026-04-12 21:05:14 [31merror[39m:: Cannot read properties of undefined (reading 'id')
2026-04-12 21:05:14 [31merror[39m:: Failed to create user
2026-04-12 21:07:40 [32minfo[39m:: Server is running on port 5000
2026-04-12 21:07:43 [31merror[39m:: Cannot read properties of undefined (reading 'id')
2026-04-12 21:07:43 [31merror[39m:: Failed to create user
2026-04-12 21:09:25 [32minfo[39m:: Server is running on port 5000
2026-04-12 21:12:36 [32minfo[39m:: Server is running on port 5000
2026-04-12 21:13:35 [32minfo[39m:: Server is running on port 5000
2026-04-12 21:13:41 [31merror[39m:: Duplicate entry 'FirstSecond' for key 'categories.name'
2026-04-12 21:13:41 [31merror[39m:: Failed to create category
2026-04-12 21:20:16 [32minfo[39m:: Server is running on port 5000
2026-04-12 21:23:32 [32minfo[39m:: Server is running on port 5000
2026-04-12 21:23:57 [32minfo[39m:: Server is running on port 5000
2026-04-12 21:26:13 [32minfo[39m:: Server is running on port 5000
2026-04-12 21:38:15 [32minfo[39m:: Server is running on port 5000
2026-04-12 21:39:49 [31merror[39m:: Cannot read properties of undefined (reading 'public_id')
2026-04-12 21:41:43 [32minfo[39m:: Server is running on port 5000
2026-04-12 21:41:45 [31merror[39m:: Cannot read properties of undefined (reading 'public_id')
2026-04-12 21:44:49 [32minfo[39m:: Server is running on port 5000
2026-04-12 21:44:53 [31merror[39m:: Cannot read properties of undefined (reading 'split')
2026-04-12 21:45:19 [32minfo[39m:: Server is running on port 5000
2026-04-12 21:45:20 [31merror[39m:: public_id.split is not a function
2026-04-12 21:45:43 [32minfo[39m:: Server is running on port 5000
2026-04-12 21:45:45 [31merror[39m:: public_id.split is not a function
2026-04-12 21:46:12 [32minfo[39m:: Server is running on port 5000
2026-04-12 21:52:41 [32minfo[39m:: Server is running on port 5000
2026-04-12 21:54:38 [32minfo[39m:: delete image successful
2026-04-12 21:56:40 [32minfo[39m:: Server is running on port 5000
2026-04-12 21:59:14 [32minfo[39m:: delete image successful
2026-04-12 22:00:12 [32minfo[39m:: Server is running on port 5000
2026-04-12 22:01:09 [32minfo[39m:: delete image successful
2026-04-12 23:21:02 [32minfo[39m:: Server is running on port 5000
2026-04-12 23:22:20 [32minfo[39m:: Server is running on port 5000
2026-04-12 23:24:02 [32minfo[39m:: Server is running on port 5000
2026-04-12 23:24:27 [32minfo[39m:: Server is running on port 5000
2026-04-12 23:24:42 [32minfo[39m:: Server is running on port 5000
2026-04-12 23:25:55 [32minfo[39m:: Server is running on port 5000
2026-04-12 23:26:01 [31merror[39m:: Duplicate entry '47-9' for key 'product_tags.PRIMARY'
2026-04-12 23:26:01 [31merror[39m:: Failed to create user
2026-04-12 23:27:47 [32minfo[39m:: Server is running on port 5000
2026-04-12 23:27:53 [31merror[39m:: Duplicate entry '47-9' for key 'product_tags.PRIMARY'
2026-04-12 23:27:53 [31merror[39m:: Failed to create user
2026-04-12 23:43:27 [31merror[39m:: Failed to delete category
2026-04-12 23:43:27 [31merror[39m:: Failed to delete category
2026-04-14 10:13:29 [32minfo[39m:: Server is running on port 5000
2026-04-14 10:14:06 [31merror[39m:: Cannot read properties of undefined (reading 'id')
2026-04-14 10:14:06 [31merror[39m:: Failed to create user
2026-04-14 10:14:11 [31merror[39m:: Cannot read properties of undefined (reading 'id')
2026-04-14 10:14:11 [31merror[39m:: Failed to create user
2026-04-14 10:14:49 [31merror[39m:: Cannot read properties of undefined (reading 'id')
2026-04-14 10:14:49 [31merror[39m:: Failed to create user
2026-04-14 10:16:32 [32minfo[39m:: Server is running on port 5000
2026-04-14 10:16:34 [31merror[39m:: Cannot read properties of undefined (reading 'id')
2026-04-14 10:16:34 [31merror[39m:: Failed to create user
2026-04-14 10:19:17 [32minfo[39m:: Server is running on port 5000
2026-04-14 10:24:09 [32minfo[39m:: Server is running on port 5000
2026-04-14 10:39:42 [32minfo[39m:: Server is running on port 5000
2026-04-16 09:38:21 [32minfo[39m:: Server is running on port 5000
2026-04-16 09:41:52 [32minfo[39m:: Server is running on port 5000
2026-04-16 09:43:42 [32minfo[39m:: Server is running on port 5000
2026-04-16 09:44:10 [31merror[39m:: Duplicate entry 'Football' for key 'categories.name'
2026-04-16 09:44:10 [31merror[39m:: Failed to create category
2026-04-16 09:44:41 [31merror[39m:: Duplicate entry 'Football' for key 'categories.name'
2026-04-16 09:44:41 [31merror[39m:: Failed to create category
2026-04-16 09:48:10 [32minfo[39m:: Server is running on port 5000
2026-04-16 09:48:14 [31merror[39m:: publicUrl is not defined
2026-04-16 09:48:14 [31merror[39m:: Failed to create category
2026-04-16 09:48:50 [32minfo[39m:: Server is running on port 5000
2026-04-16 09:48:52 [31merror[39m:: publicUrl is not defined
2026-04-16 09:48:52 [31merror[39m:: Failed to create category
2026-04-16 09:49:39 [32minfo[39m:: Server is running on port 5000
2026-04-16 09:49:42 [31merror[39m:: publicUrl is not defined
2026-04-16 09:49:42 [31merror[39m:: Category same name already exist !
2026-04-16 09:51:24 [32minfo[39m:: Server is running on port 5000
2026-04-16 09:51:27 [31merror[39m:: publicUrl is not defined
2026-04-16 09:51:27 [31merror[39m:: Category same name already exist !
2026-04-16 09:53:13 [32minfo[39m:: Server is running on port 5000
2026-04-16 09:53:15 [31merror[39m:: Category same name already exist !
2026-04-16 09:53:15 [31merror[39m:: Category same name already exist !
2026-04-16 09:53:15 [31merror[39m:: Failed to create category
2026-04-16 09:54:02 [32minfo[39m:: Server is running on port 5000
2026-04-16 09:54:09 [31merror[39m:: Category same name already exist !
2026-04-16 09:54:09 [31merror[39m:: Category same name already exist !
2026-04-16 09:54:09 [31merror[39m:: Failed to create category
2026-04-16 09:54:25 [31merror[39m:: Category same name already exist !
2026-04-16 09:54:25 [31merror[39m:: Category same name already exist !
2026-04-16 09:54:25 [31merror[39m:: Failed to create category
2026-04-16 09:55:14 [32minfo[39m:: Server is running on port 5000
2026-04-16 09:55:16 [31merror[39m:: Category same name already exist !
2026-04-16 09:55:16 [31merror[39m:: Category same name already exist !
2026-04-16 09:55:16 [31merror[39m:: Failed to create category
2026-04-16 09:55:38 [32minfo[39m:: Server is running on port 5000
2026-04-16 09:55:39 [31merror[39m:: Category same name already exist !
2026-04-16 09:56:06 [32minfo[39m:: Server is running on port 5000
2026-04-16 09:56:08 [31merror[39m:: Category same name already exist !
2026-04-16 09:56:20 [32minfo[39m:: Server is running on port 5000
2026-04-16 09:56:22 [31merror[39m:: Category same name already exist !
2026-04-16 09:56:30 [32minfo[39m:: Server is running on port 5000
2026-04-16 09:56:33 [31merror[39m:: Category same name already exist !
2026-04-16 09:57:05 [32minfo[39m:: Server is running on port 5000
2026-04-16 10:01:33 [32minfo[39m:: Server is running on port 5000
2026-04-16 10:03:39 [32minfo[39m:: Server is running on port 5000
2026-04-16 10:04:47 [32minfo[39m:: Server is running on port 5000
2026-04-16 10:05:33 [32minfo[39m:: Server is running on port 5000
2026-04-16 10:05:50 [31merror[39m:: Category same name already exist !
2026-04-16 10:09:52 [32minfo[39m:: Server is running on port 5000
2026-04-16 10:11:32 [32minfo[39m:: Server is running on port 5000
2026-04-16 10:12:11 [32minfo[39m:: Server is running on port 5000
2026-04-16 10:13:39 [32minfo[39m:: Server is running on port 5000
2026-04-16 10:14:02 [31merror[39m:: Category same name already exist !
2026-04-16 10:16:04 [32minfo[39m:: Server is running on port 5000
2026-04-16 10:16:34 [31merror[39m:: Product same name already exist !
2026-04-16 10:21:34 [32minfo[39m:: Server is running on port 5000
2026-04-16 10:21:37 [31merror[39m:: Product same name already exist !
2026-04-16 10:22:45 [32minfo[39m:: Server is running on port 5000
2026-04-16 10:25:33 [32minfo[39m:: Server is running on port 5000
2026-04-16 10:29:34 [31merror[39m:: Cannot read properties of undefined (reading 'id')
2026-04-16 10:29:34 [31merror[39m:: Failed to update product
2026-04-16 10:30:37 [32minfo[39m:: Server is running on port 5000
2026-04-16 10:33:34 [32minfo[39m:: Server is running on port 5000
2026-04-16 10:34:55 [32minfo[39m:: Server is running on port 5000
2026-04-16 10:37:58 [32minfo[39m:: Server is running on port 5000
2026-04-16 10:48:45 [32minfo[39m:: Server is running on port 5000
2026-04-16 10:50:18 [32minfo[39m:: Server is running on port 5000
2026-04-16 10:51:50 [32minfo[39m:: Server is running on port 5000
2026-04-16 10:53:02 [32minfo[39m:: Server is running on port 5000
2026-04-16 10:54:59 [31merror[39m:: Product same name already exist !
2026-04-16 10:55:41 [32minfo[39m:: Server is running on port 5000
2026-04-16 10:58:09 [32minfo[39m:: Server is running on port 5000
2026-04-16 10:59:48 [32minfo[39m:: Server is running on port 5000
2026-04-16 11:04:50 [32minfo[39m:: Server is running on port 5000
2026-04-16 11:06:48 [32minfo[39m:: Server is running on port 5000
2026-04-16 11:07:07 [31merror[39m:: brand not found
2026-04-16 11:10:36 [32minfo[39m:: Server is running on port 5000
2026-04-16 11:10:45 [31merror[39m:: brand not found
2026-04-16 11:11:34 [32minfo[39m:: Server is running on port 5000
2026-04-16 11:12:09 [32minfo[39m:: Server is running on port 5000
2026-04-16 11:17:09 [32minfo[39m:: Server is running on port 5000
2026-04-16 11:19:13 [32minfo[39m:: Server is running on port 5000
2026-04-16 11:20:25 [32minfo[39m:: Server is running on port 5000
2026-04-16 11:21:34 [32minfo[39m:: Server is running on port 5000
2026-04-16 11:22:33 [32minfo[39m:: Server is running on port 5000
2026-04-16 11:23:43 [32minfo[39m:: Server is running on port 5000
2026-04-16 22:44:03 [32minfo[39m:: Server is running on port 5000
2026-04-16 22:45:21 [32minfo[39m:: Server is running on port 5000
2026-04-16 22:57:27 [32minfo[39m:: Server is running on port 5000
2026-04-16 22:59:20 [32minfo[39m:: Server is running on port 5000
2026-04-16 23:00:47 [32minfo[39m:: Server is running on port 5000
2026-04-16 23:00:48 [31merror[39m:: Failed to update category
2026-04-16 23:01:08 [32minfo[39m:: Server is running on port 5000
2026-04-16 23:01:10 [31merror[39m:: Failed to update category
2026-04-16 23:01:32 [32minfo[39m:: Server is running on port 5000
2026-04-16 23:01:33 [31merror[39m:: Failed to update category
2026-04-16 23:01:50 [32minfo[39m:: Server is running on port 5000
2026-04-16 23:01:52 [31merror[39m:: Failed to update category
2026-04-16 23:02:20 [32minfo[39m:: Server is running on port 5000
2026-04-16 23:15:26 [32minfo[39m:: Server is running on port 5000
2026-04-16 23:19:12 [32minfo[39m:: Server is running on port 5000
2026-04-16 23:24:04 [32minfo[39m:: Server is running on port 5000
2026-04-16 23:25:28 [32minfo[39m:: Server is running on port 5000
2026-04-16 23:28:34 [31merror[39m:: tag not found
2026-04-16 23:33:53 [32minfo[39m:: Server is running on port 5000
2026-04-16 23:35:59 [32minfo[39m:: Server is running on port 5000
2026-04-16 23:38:43 [32minfo[39m:: Server is running on port 5000
2026-04-16 23:39:57 [32minfo[39m:: Server is running on port 5000
2026-04-16 23:39:58 [31merror[39m:: [object Object]
2026-04-16 23:39:58 [31merror[39m:: Same Category name already exist !
2026-04-16 23:40:08 [31merror[39m:: [object Object]
2026-04-16 23:40:08 [31merror[39m:: Same Category name already exist !
2026-04-16 23:41:24 [32minfo[39m:: Server is running on port 5000
2026-04-16 23:41:28 [31merror[39m:: [object Object]
2026-04-16 23:41:28 [31merror[39m:: Same Category name already exist !
2026-04-16 23:42:14 [32minfo[39m:: Server is running on port 5000
2026-04-16 23:42:44 [31merror[39m:: [object Object]
2026-04-16 23:42:44 [31merror[39m:: Same Category name already exist !
2026-04-16 23:45:35 [32minfo[39m:: Server is running on port 5000
2026-04-16 23:48:32 [32minfo[39m:: Server is running on port 5000
2026-04-16 23:48:34 [31merror[39m:: Category same name already exist !
2026-04-16 23:48:55 [31merror[39m:: Category same name already exist !
2026-04-16 23:49:45 [31merror[39m:: Category same name already exist !
2026-04-16 23:50:19 [32minfo[39m:: Server is running on port 5000
2026-04-16 23:51:48 [32minfo[39m:: Server is running on port 5000
2026-04-16 23:53:24 [32minfo[39m:: Server is running on port 5000
2026-04-16 23:56:02 [32minfo[39m:: Server is running on port 5000
2026-04-16 23:56:39 [32minfo[39m:: Server is running on port 5000
2026-04-16 23:56:56 [32minfo[39m:: Server is running on port 5000
2026-04-16 23:57:41 [32minfo[39m:: Server is running on port 5000
2026-04-16 23:58:12 [32minfo[39m:: Server is running on port 5000
2026-04-16 23:59:51 [32minfo[39m:: Server is running on port 5000
2026-04-16 23:59:53 [31merror[39m:: Category same name already exist !
2026-04-17 00:00:16 [31merror[39m:: Category same name already exist !
2026-04-17 00:00:20 [31merror[39m:: Category same name already exist !
2026-04-17 00:00:39 [31merror[39m:: Category same name already exist !
2026-04-17 00:00:56 [32minfo[39m:: Server is running on port 5000
2026-04-17 00:01:15 [31merror[39m:: Category same name already exist !
2026-04-17 00:01:22 [31merror[39m:: Category same name already exist !
2026-04-17 00:01:54 [31merror[39m:: Category same name already exist !
2026-04-17 00:03:23 [31merror[39m:: Category same name already exist !
2026-04-17 00:04:37 [32minfo[39m:: Server is running on port 5000
2026-04-17 00:05:21 [32minfo[39m:: Server is running on port 5000
2026-04-17 00:10:18 [32minfo[39m:: Server is running on port 5000
2026-04-17 00:11:02 [32minfo[39m:: Server is running on port 5000
2026-04-17 00:15:56 [32minfo[39m:: Server is running on port 5000
2026-04-17 00:16:00 [32minfo[39m:: Server is running on port 5000
2026-04-17 00:18:57 [31merror[39m:: Tag same name already exist !
2026-04-17 00:20:41 [32minfo[39m:: Server is running on port 5000
2026-04-17 00:20:48 [31merror[39m:: Tag same name already exist !
2026-04-17 00:22:07 [32minfo[39m:: Server is running on port 5000
2026-04-17 00:22:09 [31merror[39m:: Tag same name already exist !
2026-04-17 13:48:15 [32minfo[39m:: Server is running on port 5000
2026-04-17 20:54:37 [32minfo[39m:: Server is running on port 5000
2026-04-17 21:00:20 [32minfo[39m:: Server is running on port 5000
2026-04-17 21:02:11 [32minfo[39m:: Server is running on port 5000
2026-04-17 21:03:52 [31merror[39m:: Category same name already exist !
2026-04-17 21:06:17 [32minfo[39m:: Server is running on port 5000
2026-04-17 21:15:56 [32minfo[39m:: Server is running on port 5000
2026-04-17 21:23:14 [32minfo[39m:: Server is running on port 5000
2026-04-17 21:24:22 [32minfo[39m:: Server is running on port 5000
2026-04-17 21:27:16 [32minfo[39m:: Server is running on port 5000
2026-04-17 21:27:47 [32minfo[39m:: Server is running on port 5000
2026-04-17 21:28:01 [32minfo[39m:: Server is running on port 5000
2026-04-17 21:31:36 [32minfo[39m:: Server is running on port 5000
2026-04-17 21:32:33 [32minfo[39m:: Server is running on port 5000
2026-04-17 21:33:20 [32minfo[39m:: Server is running on port 5000
2026-04-17 21:35:58 [32minfo[39m:: Server is running on port 5000
2026-04-17 21:36:25 [32minfo[39m:: Server is running on port 5000
2026-04-17 21:36:41 [32minfo[39m:: Server is running on port 5000
2026-04-17 21:37:05 [32minfo[39m:: Server is running on port 5000
2026-04-17 21:37:19 [32minfo[39m:: Server is running on port 5000
2026-04-17 21:41:38 [32minfo[39m:: Server is running on port 5000
2026-04-18 11:24:21 [32minfo[39m:: Server is running on port 5000
2026-04-18 11:29:41 [32minfo[39m:: Server is running on port 5000
2026-04-18 11:42:00 [32minfo[39m:: Server is running on port 5000
2026-04-18 11:43:47 [32minfo[39m:: Server is running on port 5000
2026-04-18 11:45:44 [32minfo[39m:: Server is running on port 5000
2026-04-18 11:51:52 [31merror[39m:: Failed to update category
2026-04-19 00:03:21 [32minfo[39m:: Server is running on port 5000
2026-04-19 00:11:32 [31merror[39m:: Failed to update product
2026-04-19 00:12:04 [31merror[39m:: Failed to update product
2026-04-19 00:12:40 [31merror[39m:: Failed to update product
2026-04-19 00:13:59 [32minfo[39m:: Server is running on port 5000
2026-04-19 00:14:04 [31merror[39m:: Failed to update product
2026-04-19 00:14:35 [31merror[39m:: Failed to update product
2026-04-19 00:14:44 [31merror[39m:: Failed to update product
2026-04-19 00:16:35 [32minfo[39m:: Server is running on port 5000
2026-04-19 00:16:38 [31merror[39m:: Failed to update product
2026-04-19 00:17:37 [31merror[39m:: Failed to update product
2026-04-19 00:19:18 [31merror[39m:: Failed to update product
2026-04-19 00:21:19 [32minfo[39m:: Server is running on port 5000
2026-04-19 00:21:21 [31merror[39m:: Failed to update product
2026-04-19 00:22:45 [32minfo[39m:: Server is running on port 5000
2026-04-19 00:22:47 [31merror[39m:: Failed to update product
2026-04-19 00:24:07 [31merror[39m:: Failed to update product variant
2026-04-19 00:25:52 [32minfo[39m:: Server is running on port 5000
2026-04-19 00:26:00 [31merror[39m:: Failed to update product variant
2026-04-19 00:34:54 [31merror[39m:: tag not found
2026-04-19 12:41:49 [32minfo[39m:: Server is running on port 5000
2026-04-19 20:44:10 [32minfo[39m:: Server is running on port 5000
2026-04-19 20:44:50 [31merror[39m:: Only JPG, PNG and JPEG files are allowed
2026-04-19 20:45:40 [31merror[39m:: Only JPG, PNG and JPEG files are allowed
2026-04-19 20:45:43 [31merror[39m:: Only JPG, PNG and JPEG files are allowed
2026-04-20 15:15:57 [32minfo[39m:: Server is running on port 5000
2026-04-20 15:29:03 [31merror[39m:: Only JPG, PNG and JPEG files are allowed
2026-04-20 15:29:33 [31merror[39m:: Only JPG, PNG and JPEG files are allowed
2026-04-20 15:31:20 [31merror[39m:: Only JPG, PNG and JPEG files are allowed
2026-04-20 15:33:39 [31merror[39m:: Only JPG, PNG and JPEG files are allowed
2026-04-20 15:34:11 [32minfo[39m:: Server is running on port 5000
2026-04-20 15:34:14 [31merror[39m:: Only JPG, PNG and JPEG files are allowed
2026-04-20 15:35:05 [32minfo[39m:: Server is running on port 5000
2026-04-20 15:37:09 [32minfo[39m:: Server is running on port 5000
2026-04-20 15:48:17 [32minfo[39m:: Server is running on port 5000
2026-04-20 15:54:54 [32minfo[39m:: Server is running on port 5000
2026-04-20 15:56:03 [32minfo[39m:: Server is running on port 5000
2026-04-20 15:57:33 [32minfo[39m:: Server is running on port 5000
2026-04-20 15:58:21 [32minfo[39m:: Server is running on port 5000
2026-04-22 22:30:28 [32minfo[39m:: Server is running on port 5000
2026-04-22 22:51:36 [32minfo[39m:: Server is running on port 5000
2026-04-22 22:52:41 [32minfo[39m:: Server is running on port 5000
2026-04-22 22:53:12 [32minfo[39m:: Server is running on port 5000
2026-04-22 22:53:30 [32minfo[39m:: Server is running on port 5000
2026-04-22 22:55:24 [32minfo[39m:: Server is running on port 5000
2026-04-22 22:55:55 [32minfo[39m:: Server is running on port 5000
2026-04-22 23:01:33 [32minfo[39m:: Server is running on port 5000
2026-04-22 23:04:05 [32minfo[39m:: Server is running on port 5000
2026-04-22 23:06:24 [32minfo[39m:: Server is running on port 5000
2026-04-22 23:07:26 [32minfo[39m:: Server is running on port 5000
2026-04-22 23:07:43 [32minfo[39m:: Server is running on port 5000
2026-04-22 23:19:08 [32minfo[39m:: Server is running on port 5000
2026-04-22 23:21:20 [32minfo[39m:: Server is running on port 5000
2026-04-22 23:22:01 [32minfo[39m:: Server is running on port 5000
2026-04-22 23:22:21 [32minfo[39m:: Server is running on port 5000
2026-04-22 23:22:43 [32minfo[39m:: Server is running on port 5000
2026-04-22 23:27:44 [32minfo[39m:: Server is running on port 5000
2026-04-22 23:29:45 [31merror[39m:: Unexpected token '}', ..."ction": 
}" is not valid JSON
2026-04-22 23:31:55 [32minfo[39m:: Server is running on port 5000
2026-04-23 12:20:08 [32minfo[39m:: Server is running on port 5000
2026-04-23 12:37:22 [32minfo[39m:: Server is running on port 5000
2026-04-23 12:40:57 [32minfo[39m:: Server is running on port 5000
2026-04-23 12:41:16 [32minfo[39m:: Server is running on port 5000
2026-04-23 12:41:58 [32minfo[39m:: Server is running on port 5000
2026-04-23 12:43:19 [32minfo[39m:: Server is running on port 5000
2026-04-23 12:59:54 [32minfo[39m:: Server is running on port 5000
2026-04-23 13:03:28 [32minfo[39m:: Server is running on port 5000
2026-04-23 13:03:51 [32minfo[39m:: Server is running on port 5000
2026-04-23 13:04:33 [32minfo[39m:: Server is running on port 5000
2026-04-23 13:05:13 [32minfo[39m:: Server is running on port 5000
2026-04-23 13:05:50 [32minfo[39m:: Server is running on port 5000
2026-04-23 13:07:13 [32minfo[39m:: Server is running on port 5000
2026-04-23 13:09:20 [32minfo[39m:: Server is running on port 5000
2026-04-23 13:09:52 [32minfo[39m:: Server is running on port 5000
2026-04-23 13:11:22 [32minfo[39m:: Server is running on port 5000
2026-04-23 13:11:24 [31merror[39m:: Cannot delete product because it is used in another table
2026-04-23 13:12:06 [31merror[39m:: status is not defined
2026-04-23 13:12:06 [31merror[39m:: Failed to delete product
2026-04-23 13:13:12 [31merror[39m:: status is not defined
2026-04-23 13:13:12 [31merror[39m:: Failed to delete product
2026-04-23 13:14:46 [31merror[39m:: status is not defined
2026-04-23 13:14:46 [31merror[39m:: Failed to delete product
2026-04-23 13:15:33 [32minfo[39m:: Server is running on port 5000
2026-04-23 13:16:07 [32minfo[39m:: Server is running on port 5000
2026-04-23 13:20:38 [32minfo[39m:: Server is running on port 5000
2026-04-23 13:21:05 [31merror[39m:: Cannot delete product because it is used in order_items table and orders table
2026-04-23 13:21:49 [32minfo[39m:: Server is running on port 5000
2026-04-23 13:29:27 [32minfo[39m:: Server is running on port 5000
2026-04-24 11:41:26 [32minfo[39m:: Server is running on port 5000
2026-04-24 14:54:24 [32minfo[39m:: Server is running on port 5000
2026-04-24 14:55:16 [32minfo[39m:: Server is running on port 5000
2026-04-24 14:55:35 [32minfo[39m:: Server is running on port 5000
2026-04-24 14:56:09 [32minfo[39m:: Server is running on port 5000
2026-04-24 23:19:18 [32minfo[39m:: Server is running on port 5000
2026-04-24 23:20:31 [32minfo[39m:: Server is running on port 5000
2026-04-24 23:21:15 [32minfo[39m:: Server is running on port 5000
2026-04-24 23:33:59 [32minfo[39m:: Server is running on port 5000
2026-04-24 23:35:26 [32minfo[39m:: Server is running on port 5000
2026-04-24 23:37:25 [32minfo[39m:: Server is running on port 5000
2026-04-24 23:38:37 [32minfo[39m:: Server is running on port 5000
2026-04-24 23:40:10 [32minfo[39m:: Server is running on port 5000
2026-04-24 23:40:41 [32minfo[39m:: Server is running on port 5000
2026-04-24 23:46:26 [32minfo[39m:: Server is running on port 5000
2026-04-25 09:50:57 [32minfo[39m:: Server is running on port 5000
2026-04-25 09:53:09 [32minfo[39m:: Server is running on port 5000
2026-04-25 09:53:46 [32minfo[39m:: Server is running on port 5000
2026-04-25 09:57:11 [32minfo[39m:: Server is running on port 5000
2026-04-25 09:58:21 [32minfo[39m:: Server is running on port 5000
2026-04-25 09:58:22 [31merror[39m:: No data found with that id
2026-04-25 10:01:43 [32minfo[39m:: Server is running on port 5000
2026-04-25 10:03:33 [31merror[39m:: No customer data found
2026-04-25 10:10:18 [31merror[39m:: No customer data found
2026-04-25 10:16:40 [32minfo[39m:: Server is running on port 5000
2026-04-25 10:17:41 [31merror[39m:: No customer data found
2026-04-25 10:20:46 [32minfo[39m:: Server is running on port 5000
2026-04-25 10:22:21 [32minfo[39m:: Server is running on port 5000
2026-04-25 10:23:44 [32minfo[39m:: Server is running on port 5000
2026-04-25 10:24:23 [32minfo[39m:: Server is running on port 5000
2026-04-25 10:24:29 [31merror[39m:: No customer data found
2026-04-25 10:28:58 [32minfo[39m:: Server is running on port 5000
2026-04-25 10:29:05 [31merror[39m:: No customer data found
2026-04-26 11:46:47 [32minfo[39m:: Server is running on port 5000
2026-04-26 11:50:29 [32minfo[39m:: Server is running on port 5000
2026-04-26 11:50:43 [32minfo[39m:: Server is running on port 5000
2026-04-26 11:52:35 [32minfo[39m:: Server is running on port 5000
2026-04-26 11:52:52 [31merror[39m:: Role not found
2026-04-26 11:54:00 [32minfo[39m:: Server is running on port 5000
2026-04-26 11:54:31 [32minfo[39m:: Server is running on port 5000
2026-04-26 11:58:58 [32minfo[39m:: Server is running on port 5000
2026-04-26 12:05:40 [32minfo[39m:: Server is running on port 5000
2026-04-26 12:08:03 [32minfo[39m:: Server is running on port 5000
2026-04-26 12:08:04 [31merror[39m:: Failed to delete staff
2026-04-26 12:08:33 [32minfo[39m:: Server is running on port 5000
2026-04-26 12:08:52 [32minfo[39m:: Server is running on port 5000
2026-04-26 12:09:15 [32minfo[39m:: Server is running on port 5000
2026-04-26 12:10:02 [32minfo[39m:: Server is running on port 5000
2026-04-26 12:25:43 [32minfo[39m:: Server is running on port 5000
2026-04-26 12:27:48 [32minfo[39m:: Server is running on port 5000
2026-04-26 12:28:07 [32minfo[39m:: Server is running on port 5000
2026-04-26 12:29:19 [32minfo[39m:: Server is running on port 5000
2026-04-26 12:30:38 [32minfo[39m:: Server is running on port 5000
2026-04-26 12:31:01 [32minfo[39m:: Server is running on port 5000
2026-04-26 12:53:50 [32minfo[39m:: Server is running on port 5000
2026-04-26 12:54:47 [32minfo[39m:: Server is running on port 5000
2026-04-26 12:59:42 [32minfo[39m:: Server is running on port 5000
2026-04-26 13:00:26 [31merror[39m:: Unauthorized
2026-04-26 13:00:26 [31merror[39m:: Unauthorized
2026-04-26 13:00:34 [31merror[39m:: No customer data found
2026-04-26 13:21:35 [32minfo[39m:: Server is running on port 5000
2026-04-26 13:22:07 [31merror[39m:: Unauthorized
2026-04-26 13:22:07 [31merror[39m:: Unauthorized
2026-04-26 14:19:30 [32minfo[39m:: Server is running on port 5000
2026-04-26 14:31:59 [32minfo[39m:: Server is running on port 5000
2026-04-26 14:36:45 [31merror[39m:: Unauthorized
2026-04-26 14:36:45 [31merror[39m:: Unauthorized
2026-04-26 14:42:23 [32minfo[39m:: Server is running on port 5000
2026-04-26 14:44:10 [31merror[39m:: Unauthorized
2026-04-26 14:44:10 [31merror[39m:: Unauthorized
2026-04-26 14:45:34 [32minfo[39m:: Server is running on port 5000
2026-04-26 14:46:43 [32minfo[39m:: Server is running on port 5000
2026-04-26 14:47:14 [31merror[39m:: Unauthorized
2026-04-26 14:47:14 [31merror[39m:: Unauthorized
2026-04-26 14:56:16 [32minfo[39m:: Server is running on port 5000
2026-04-26 15:00:22 [32minfo[39m:: Server is running on port 5000
2026-04-26 15:01:41 [31merror[39m:: jwt malformed
2026-04-26 15:12:50 [32minfo[39m:: Server is running on port 5000
2026-04-26 15:14:16 [32minfo[39m:: Server is running on port 5000
2026-04-26 15:15:40 [32minfo[39m:: Server is running on port 5000
2026-04-26 15:16:35 [32minfo[39m:: Server is running on port 5000
2026-04-26 15:16:48 [32minfo[39m:: Server is running on port 5000
2026-04-26 16:43:50 [32minfo[39m:: Server is running on port 5000
2026-04-26 16:46:00 [32minfo[39m:: Server is running on port 5000
2026-04-26 23:42:42 [32minfo[39m:: Server is running on port 5000
2026-04-26 23:43:03 [31merror[39m:: Unauthorized
2026-04-26 23:43:03 [31merror[39m:: Unauthorized
2026-04-26 23:45:23 [32minfo[39m:: Server is running on port 5000
2026-04-26 23:45:57 [32minfo[39m:: Server is running on port 5000
2026-04-27 16:04:00 [32minfo[39m:: Server is running on port 5000
2026-04-27 16:08:44 [32minfo[39m:: Server is running on port 5000
2026-04-27 16:10:35 [31merror[39m:: Unauthorized
2026-04-27 16:10:35 [31merror[39m:: Unauthorized
2026-04-28 09:27:55 [32minfo[39m:: Server is running on port 5000
2026-04-28 09:29:02 [31merror[39m:: Unauthorized
2026-04-28 09:29:02 [31merror[39m:: Unauthorized
2026-04-28 09:32:25 [32minfo[39m:: Server is running on port 5000
2026-04-28 09:36:10 [32minfo[39m:: Server is running on port 5000
2026-04-28 09:36:54 [32minfo[39m:: Server is running on port 5000
2026-04-28 09:37:46 [32minfo[39m:: Server is running on port 5000
2026-04-28 09:39:12 [32minfo[39m:: Server is running on port 5000
2026-04-28 09:40:34 [32minfo[39m:: Server is running on port 5000
2026-04-28 09:41:21 [32minfo[39m:: Server is running on port 5000
2026-04-28 09:41:46 [31merror[39m:: Unauthorized
2026-04-28 09:41:46 [31merror[39m:: Unauthorized
2026-04-28 09:42:07 [31merror[39m:: jwt malformed
2026-04-28 12:11:38 [32minfo[39m:: Server is running on port 5000
2026-04-28 12:15:16 [31merror[39m:: Unauthorized
2026-04-28 12:15:16 [31merror[39m:: Unauthorized
2026-04-28 21:23:05 [32minfo[39m:: Server is running on port 5000
2026-04-28 21:23:08 [31merror[39m:: Unauthorized
2026-04-28 21:23:08 [31merror[39m:: Unauthorized
2026-04-29 20:09:22 [32minfo[39m:: Server is running on port 5000
2026-04-29 20:11:02 [32minfo[39m:: Server is running on port 5000
2026-04-29 20:13:12 [32minfo[39m:: Server is running on port 5000
2026-04-29 20:14:55 [32minfo[39m:: Server is running on port 5000
2026-04-29 20:15:41 [31merror[39m:: Payment method already exist
2026-04-29 20:28:30 [32minfo[39m:: Server is running on port 5000
2026-04-29 20:31:09 [32minfo[39m:: Server is running on port 5000
2026-04-29 20:34:40 [32minfo[39m:: Server is running on port 5000
2026-04-29 20:39:41 [32minfo[39m:: Server is running on port 5000
2026-04-29 20:48:16 [32minfo[39m:: Server is running on port 5000
2026-04-29 23:16:26 [32minfo[39m:: Server is running on port 5000
2026-04-30 01:13:50 [32minfo[39m:: Server is running on port 5000
2026-04-30 01:16:49 [32minfo[39m:: Server is running on port 5000
2026-04-30 01:18:23 [32minfo[39m:: Server is running on port 5000
2026-04-30 01:20:22 [32minfo[39m:: Server is running on port 5000
2026-04-30 01:28:43 [32minfo[39m:: Server is running on port 5000
2026-04-30 01:32:33 [32minfo[39m:: Server is running on port 5000
2026-04-30 08:11:35 [32minfo[39m:: Server is running on port 5000
2026-04-30 08:12:45 [32minfo[39m:: Server is running on port 5000
2026-04-30 08:13:54 [32minfo[39m:: Server is running on port 5000
2026-04-30 08:15:32 [32minfo[39m:: Server is running on port 5000
2026-04-30 08:16:08 [32minfo[39m:: Server is running on port 5000
2026-04-30 08:16:28 [32minfo[39m:: Server is running on port 5000
2026-04-30 08:17:31 [32minfo[39m:: Server is running on port 5000
2026-04-30 08:21:13 [32minfo[39m:: Server is running on port 5000
2026-04-30 08:21:58 [32minfo[39m:: Server is running on port 5000
2026-04-30 08:22:57 [32minfo[39m:: Server is running on port 5000
2026-04-30 08:24:13 [32minfo[39m:: Server is running on port 5000
2026-04-30 08:25:41 [32minfo[39m:: Server is running on port 5000
2026-04-30 08:29:11 [32minfo[39m:: Server is running on port 5000
2026-04-30 08:29:52 [32minfo[39m:: Server is running on port 5000
2026-04-30 08:30:23 [32minfo[39m:: Server is running on port 5000
2026-04-30 08:31:45 [32minfo[39m:: Server is running on port 5000
2026-04-30 08:32:05 [32minfo[39m:: Server is running on port 5000
2026-04-30 08:32:34 [32minfo[39m:: Server is running on port 5000
2026-04-30 08:37:18 [32minfo[39m:: Server is running on port 5000
2026-04-30 08:38:18 [32minfo[39m:: Server is running on port 5000
2026-04-30 08:45:58 [32minfo[39m:: Server is running on port 5000
2026-04-30 08:47:10 [32minfo[39m:: Server is running on port 5000
2026-04-30 08:48:14 [32minfo[39m:: Server is running on port 5000
2026-04-30 08:49:05 [32minfo[39m:: Server is running on port 5000
2026-04-30 08:49:38 [32minfo[39m:: Server is running on port 5000
2026-04-30 08:50:34 [32minfo[39m:: Server is running on port 5000
2026-04-30 08:54:11 [32minfo[39m:: Server is running on port 5000
2026-05-02 12:21:40 [32minfo[39m:: Server is running on port 5000
2026-05-02 12:23:58 [32minfo[39m:: Server is running on port 5000
2026-05-02 12:26:06 [32minfo[39m:: Server is running on port 5000
2026-05-03 09:36:50 [32minfo[39m:: Server is running on port 5000
2026-05-03 09:38:11 [32minfo[39m:: Server is running on port 5000
2026-05-03 09:39:51 [32minfo[39m:: Server is running on port 5000
2026-05-03 09:40:34 [32minfo[39m:: Server is running on port 5000
2026-05-03 09:41:33 [32minfo[39m:: Server is running on port 5000
2026-05-03 09:42:21 [32minfo[39m:: Server is running on port 5000
2026-05-03 09:42:45 [32minfo[39m:: Server is running on port 5000
2026-05-03 09:43:45 [32minfo[39m:: Server is running on port 5000
2026-05-03 09:44:52 [32minfo[39m:: Server is running on port 5000
2026-05-03 09:48:02 [32minfo[39m:: Server is running on port 5000
2026-05-03 09:50:09 [32minfo[39m:: Server is running on port 5000
2026-05-03 09:52:01 [32minfo[39m:: Server is running on port 5000
2026-05-03 09:54:52 [32minfo[39m:: Server is running on port 5000
2026-05-03 09:56:47 [32minfo[39m:: Server is running on port 5000
2026-05-03 10:01:45 [32minfo[39m:: Server is running on port 5000
2026-05-03 10:03:39 [32minfo[39m:: Server is running on port 5000
2026-05-03 22:25:02 [32minfo[39m:: Server is running on port 5000
2026-05-03 22:38:46 [32minfo[39m:: Server is running on port 5000
2026-05-03 22:42:25 [32minfo[39m:: Server is running on port 5000
2026-05-03 22:46:33 [32minfo[39m:: Server is running on port 5000
2026-05-03 22:47:31 [32minfo[39m:: Server is running on port 5000
2026-05-03 22:56:00 [32minfo[39m:: Server is running on port 5000
2026-05-03 22:56:02 [31merror[39m:: Category not found
2026-05-03 22:58:14 [32minfo[39m:: Server is running on port 5000
2026-05-03 22:59:51 [32minfo[39m:: Server is running on port 5000
2026-05-03 23:04:20 [32minfo[39m:: Server is running on port 5000
2026-05-03 23:05:29 [32minfo[39m:: Server is running on port 5000
2026-05-03 23:09:31 [32minfo[39m:: Server is running on port 5000
2026-05-03 23:10:16 [32minfo[39m:: Server is running on port 5000
2026-05-03 23:11:43 [32minfo[39m:: Server is running on port 5000
2026-05-03 23:12:36 [32minfo[39m:: Server is running on port 5000
2026-05-03 23:13:43 [32minfo[39m:: Server is running on port 5000
2026-05-03 23:14:31 [32minfo[39m:: Server is running on port 5000
2026-05-03 23:28:27 [32minfo[39m:: Server is running on port 5000
2026-05-04 00:02:22 [32minfo[39m:: Server is running on port 5000
2026-05-04 00:09:57 [32minfo[39m:: Server is running on port 5000
2026-05-04 00:11:00 [32minfo[39m:: Server is running on port 5000
2026-05-04 00:11:27 [32minfo[39m:: Server is running on port 5000
2026-05-04 00:14:36 [32minfo[39m:: Server is running on port 5000
2026-05-04 00:30:18 [32minfo[39m:: Server is running on port 5000
2026-05-04 00:32:27 [32minfo[39m:: Server is running on port 5000
2026-05-04 00:34:46 [32minfo[39m:: Server is running on port 5000
2026-05-04 00:42:26 [32minfo[39m:: Server is running on port 5000
2026-05-04 00:42:49 [31merror[39m:: Menu not found
2026-05-04 00:42:56 [31merror[39m:: Category not found
2026-05-04 00:43:07 [31merror[39m:: Category not found
2026-05-04 00:50:48 [32minfo[39m:: Server is running on port 5000
2026-05-04 00:53:05 [32minfo[39m:: Server is running on port 5000
2026-05-04 00:55:37 [32minfo[39m:: Server is running on port 5000
2026-05-04 10:24:03 [32minfo[39m:: Server is running on port 5000
2026-05-05 10:01:50 [32minfo[39m:: Server is running on port 5000
2026-05-05 21:21:53 [32minfo[39m:: Server is running on port 5000
2026-05-05 21:23:05 [31merror[39m:: Unauthorized
2026-05-05 21:23:05 [31merror[39m:: Unauthorized
2026-05-05 21:23:09 [31merror[39m:: Unauthorized
2026-05-05 21:23:09 [31merror[39m:: Unauthorized
2026-05-05 21:23:26 [31merror[39m:: Unauthorized
2026-05-05 21:23:26 [31merror[39m:: Unauthorized
2026-05-05 21:28:52 [32minfo[39m:: Server is running on port 5000
2026-05-05 21:32:00 [32minfo[39m:: Server is running on port 5000
2026-05-05 21:34:48 [32minfo[39m:: Server is running on port 5000
2026-05-05 21:35:27 [32minfo[39m:: Server is running on port 5000
2026-05-05 21:40:11 [32minfo[39m:: Server is running on port 5000
2026-05-05 21:41:08 [32minfo[39m:: Server is running on port 5000
2026-05-05 21:48:12 [32minfo[39m:: Server is running on port 5000
2026-05-06 11:55:51 [32minfo[39m:: Server is running on port 5000
2026-05-06 12:04:53 [32minfo[39m:: Server is running on port 5000
2026-05-06 12:08:32 [32minfo[39m:: Server is running on port 5000
2026-05-06 12:09:17 [32minfo[39m:: Server is running on port 5000
2026-05-06 12:10:34 [32minfo[39m:: Server is running on port 5000
2026-05-06 12:10:59 [32minfo[39m:: Server is running on port 5000
2026-05-06 12:11:24 [32minfo[39m:: Server is running on port 5000
2026-05-06 12:12:34 [32minfo[39m:: Server is running on port 5000
2026-05-06 12:33:26 [32minfo[39m:: Server is running on port 5000
2026-05-06 14:41:17 [32minfo[39m:: Server is running on port 5000
2026-05-08 16:06:25 [32minfo[39m:: Server is running on port 5000
2026-05-08 16:34:56 [32minfo[39m:: Server is running on port 5000
2026-05-08 23:38:46 [32minfo[39m:: Server is running on port 5000
2026-05-08 23:45:07 [32minfo[39m:: Server is running on port 5000
2026-05-08 23:46:59 [32minfo[39m:: Server is running on port 5000
2026-05-08 23:47:57 [32minfo[39m:: Server is running on port 5000
2026-05-08 23:48:21 [32minfo[39m:: Server is running on port 5000
2026-05-09 00:35:36 [32minfo[39m:: Server is running on port 5000
2026-05-09 00:36:41 [32minfo[39m:: Server is running on port 5000
2026-05-09 00:38:11 [32minfo[39m:: Server is running on port 5000
2026-05-09 00:56:42 [32minfo[39m:: Server is running on port 5000
2026-05-09 00:58:07 [32minfo[39m:: Server is running on port 5000
2026-05-09 00:59:04 [32minfo[39m:: Server is running on port 5000
2026-05-09 01:02:22 [32minfo[39m:: Server is running on port 5000
2026-05-09 01:02:58 [32minfo[39m:: Server is running on port 5000
2026-05-09 01:04:10 [32minfo[39m:: Server is running on port 5000
2026-05-09 10:41:11 [32minfo[39m:: Server is running on port 5000
2026-05-09 10:46:33 [31merror[39m:: Delete failed: 
2026-05-09 10:46:33 [31merror[39m:: Failed to delete product
2026-05-09 10:47:21 [31merror[39m:: Cannot read properties of null (reading 'split')
2026-05-09 10:47:21 [31merror[39m:: Failed to delete product
2026-05-09 10:47:23 [31merror[39m:: Cannot read properties of null (reading 'split')
2026-05-09 10:47:23 [31merror[39m:: Failed to delete product
2026-05-09 10:47:23 [31merror[39m:: Cannot read properties of null (reading 'split')
2026-05-09 10:47:23 [31merror[39m:: Failed to delete product
2026-05-09 10:47:58 [31merror[39m:: Cannot read properties of null (reading 'split')
2026-05-09 10:47:58 [31merror[39m:: Failed to delete product
2026-05-09 10:51:48 [32minfo[39m:: Server is running on port 5000
2026-05-09 10:52:02 [31merror[39m:: Delete failed: Request failed with status code 500
2026-05-09 10:52:02 [31merror[39m:: Failed to delete product
2026-05-09 10:52:42 [32minfo[39m:: Server is running on port 5000
2026-05-09 10:52:44 [31merror[39m:: Delete failed: Request failed with status code 500
2026-05-09 10:52:44 [31merror[39m:: Failed to delete product
2026-05-09 10:54:59 [31merror[39m:: Cannot read properties of null (reading 'split')
2026-05-09 10:54:59 [31merror[39m:: Failed to delete product
2026-05-09 10:59:16 [31merror[39m:: Cannot delete or update a parent row: a foreign key constraint fails (`futsalprotrainingcenterdatabase`.`admin_order_items`, CONSTRAINT `admin_order_items_ibfk_2` FOREIGN KEY (`product_id`) REFERENCES `products` (`id`))
2026-05-09 10:59:16 [31merror[39m:: Failed to delete product
2026-05-09 11:00:16 [31merror[39m:: Cannot read properties of undefined (reading 'public_id')
2026-05-09 11:00:16 [31merror[39m:: Failed to delete product
2026-05-09 11:00:36 [31merror[39m:: Delete failed: Request failed with status code 500
2026-05-09 11:00:36 [31merror[39m:: Failed to delete product
2026-05-09 11:01:15 [31merror[39m:: Delete failed: Request failed with status code 500
2026-05-09 11:01:15 [31merror[39m:: Failed to delete product
2026-05-09 11:36:58 [32minfo[39m:: Server is running on port 5000
2026-05-09 11:38:26 [31merror[39m:: Delete failed: Request failed with status code 500
2026-05-09 11:38:26 [31merror[39m:: Failed to delete product
2026-05-09 11:39:02 [31merror[39m:: Delete failed: Request failed with status code 500
2026-05-09 11:39:02 [31merror[39m:: Failed to delete product
2026-05-09 11:41:09 [32minfo[39m:: Server is running on port 5000
2026-05-09 11:41:19 [31merror[39m:: Delete failed: Request failed with status code 500
2026-05-09 11:41:19 [31merror[39m:: Failed to delete product
2026-05-09 11:53:41 [32minfo[39m:: Server is running on port 5000
2026-05-09 17:46:58 [32minfo[39m:: Server is running on port 5000
2026-05-09 17:50:04 [32minfo[39m:: Server is running on port 5000
2026-05-09 17:51:16 [32minfo[39m:: Server is running on port 5000
2026-05-09 18:30:23 [32minfo[39m:: Server is running on port 5000
2026-05-09 18:31:45 [32minfo[39m:: Server is running on port 5000
2026-05-12 21:23:17 [32minfo[39m:: Server is running on port 5000
2026-05-12 21:26:54 [32minfo[39m:: Server is running on port 5000
2026-05-12 21:31:16 [32minfo[39m:: Server is running on port 5000
2026-05-12 21:32:45 [32minfo[39m:: Server is running on port 5000
2026-05-12 21:34:07 [32minfo[39m:: Server is running on port 5000
2026-05-12 21:36:11 [32minfo[39m:: Server is running on port 5000
2026-05-12 21:37:21 [32minfo[39m:: Server is running on port 5000
2026-05-12 22:07:48 [32minfo[39m:: Server is running on port 5000
2026-05-12 22:49:31 [32minfo[39m:: Server is running on port 5000
2026-05-12 23:35:53 [32minfo[39m:: Server is running on port 5000
2026-05-12 23:37:17 [32minfo[39m:: Server is running on port 5000
2026-05-12 23:44:46 [32minfo[39m:: Server is running on port 5000
2026-05-12 23:46:59 [32minfo[39m:: Server is running on port 5000
2026-05-12 23:48:12 [32minfo[39m:: Server is running on port 5000
2026-05-12 23:48:43 [32minfo[39m:: Server is running on port 5000
2026-05-12 23:49:08 [32minfo[39m:: Server is running on port 5000
2026-05-12 23:56:39 [32minfo[39m:: Server is running on port 5000
2026-05-13 00:01:38 [32minfo[39m:: Server is running on port 5000
2026-05-13 00:16:41 [32minfo[39m:: Server is running on port 5000
2026-05-13 00:19:56 [32minfo[39m:: Server is running on port 5000
2026-05-13 00:20:18 [32minfo[39m:: Server is running on port 5000
2026-05-14 15:02:30 [32minfo[39m:: Server is running on port 5000
2026-05-14 15:12:11 [32minfo[39m:: Server is running on port 5000
2026-05-14 15:13:13 [32minfo[39m:: Server is running on port 5000
2026-05-14 15:13:43 [32minfo[39m:: Server is running on port 5000
2026-05-14 15:15:40 [32minfo[39m:: Server is running on port 5000
2026-05-14 15:17:41 [32minfo[39m:: Server is running on port 5000
2026-05-14 15:17:44 [31merror[39m:: Please fill all the fields
2026-05-14 15:18:12 [32minfo[39m:: Server is running on port 5000
2026-05-14 15:18:14 [31merror[39m:: Please fill all the fields
2026-05-14 15:18:53 [32minfo[39m:: Server is running on port 5000
2026-05-14 15:18:55 [31merror[39m:: Please fill all the fields
2026-05-14 15:19:05 [32minfo[39m:: Server is running on port 5000
2026-05-14 15:19:16 [31merror[39m:: Please fill all the fields
2026-05-14 15:19:48 [32minfo[39m:: Server is running on port 5000
2026-05-14 15:23:56 [32minfo[39m:: Server is running on port 5000
2026-05-14 15:24:45 [32minfo[39m:: Server is running on port 5000
2026-05-14 15:26:20 [32minfo[39m:: Server is running on port 5000
2026-05-14 15:30:07 [32minfo[39m:: Server is running on port 5000
2026-05-14 15:31:54 [32minfo[39m:: Server is running on port 5000
2026-05-14 15:32:33 [32minfo[39m:: Server is running on port 5000
2026-05-14 15:34:55 [32minfo[39m:: Server is running on port 5000
2026-05-14 15:36:16 [32minfo[39m:: Server is running on port 5000
2026-05-14 15:36:44 [32minfo[39m:: Server is running on port 5000
2026-05-14 15:39:19 [32minfo[39m:: Server is running on port 5000
2026-05-14 15:41:01 [32minfo[39m:: Server is running on port 5000
2026-05-14 15:43:04 [32minfo[39m:: Server is running on port 5000
2026-05-14 15:43:58 [32minfo[39m:: Server is running on port 5000
2026-05-14 15:44:38 [32minfo[39m:: Server is running on port 5000
2026-05-14 15:50:38 [32minfo[39m:: Server is running on port 5000
2026-05-14 17:28:21 [32minfo[39m:: Server is running on port 5000
2026-05-14 17:29:58 [32minfo[39m:: Server is running on port 5000
2026-05-14 17:47:07 [32minfo[39m:: Server is running on port 5000
2026-05-14 17:53:54 [32minfo[39m:: Server is running on port 5000
2026-05-14 17:56:05 [32minfo[39m:: Server is running on port 5000
2026-05-14 18:02:45 [32minfo[39m:: Server is running on port 5000
2026-05-14 18:03:44 [32minfo[39m:: Server is running on port 5000
2026-05-14 21:33:33 [32minfo[39m:: Server is running on port 5000
2026-05-14 21:37:38 [32minfo[39m:: Server is running on port 5000
2026-05-14 21:40:40 [32minfo[39m:: Server is running on port 5000
2026-05-14 21:42:11 [31merror[39m:: Product not found
2026-05-14 21:42:54 [32minfo[39m:: Server is running on port 5000
2026-05-14 21:43:22 [32minfo[39m:: Server is running on port 5000
2026-05-14 21:45:57 [32minfo[39m:: Server is running on port 5000
2026-05-14 21:47:44 [32minfo[39m:: Server is running on port 5000
2026-05-14 23:52:47 [32minfo[39m:: Server is running on port 5000
2026-05-14 23:53:36 [32minfo[39m:: Server is running on port 5000
2026-05-14 23:57:16 [32minfo[39m:: Server is running on port 5000
2026-05-14 23:57:52 [32minfo[39m:: Server is running on port 5000
2026-05-14 23:58:26 [32minfo[39m:: Server is running on port 5000
2026-05-15 00:02:01 [32minfo[39m:: Server is running on port 5000
2026-05-15 00:11:07 [32minfo[39m:: Server is running on port 5000
2026-05-15 00:11:41 [32minfo[39m:: Server is running on port 5000
2026-05-15 00:13:03 [32minfo[39m:: Server is running on port 5000
2026-05-15 00:31:08 [32minfo[39m:: Server is running on port 5000
2026-05-15 00:34:06 [32minfo[39m:: Server is running on port 5000
2026-05-15 20:58:28 [32minfo[39m:: Server is running on port 5000
2026-05-15 21:01:21 [32minfo[39m:: Server is running on port 5000
2026-05-15 21:01:32 [32minfo[39m:: Server is running on port 5000
2026-05-16 11:06:05 [32minfo[39m:: Server is running on port 5000
2026-05-16 11:07:44 [32minfo[39m:: Server is running on port 5000
2026-05-16 11:10:39 [32minfo[39m:: Server is running on port 5000
2026-05-16 11:11:30 [32minfo[39m:: Server is running on port 5000
2026-05-16 11:15:51 [32minfo[39m:: Server is running on port 5000
2026-05-16 11:34:38 [32minfo[39m:: Server is running on port 5000
2026-05-16 11:35:37 [32minfo[39m:: Server is running on port 5000
2026-05-16 11:36:40 [32minfo[39m:: Server is running on port 5000
2026-05-16 11:38:06 [32minfo[39m:: Server is running on port 5000
2026-05-16 11:41:31 [32minfo[39m:: Server is running on port 5000
2026-05-16 11:42:09 [32minfo[39m:: Server is running on port 5000
2026-05-16 11:44:57 [32minfo[39m:: Server is running on port 5000
2026-05-16 11:45:40 [32minfo[39m:: Server is running on port 5000
2026-05-16 11:46:12 [32minfo[39m:: Server is running on port 5000
2026-05-16 11:59:00 [32minfo[39m:: Server is running on port 5000
2026-05-16 12:04:47 [32minfo[39m:: Server is running on port 5000
2026-05-16 12:05:40 [32minfo[39m:: Server is running on port 5000
2026-05-16 12:07:19 [32minfo[39m:: Server is running on port 5000
2026-05-16 12:07:54 [32minfo[39m:: Server is running on port 5000
2026-05-16 12:10:12 [32minfo[39m:: Server is running on port 5000
2026-05-16 12:10:59 [32minfo[39m:: Server is running on port 5000
2026-05-16 12:11:31 [32minfo[39m:: Server is running on port 5000
2026-05-16 12:14:02 [32minfo[39m:: Server is running on port 5000
2026-05-16 12:14:15 [32minfo[39m:: Server is running on port 5000
2026-05-16 12:14:33 [32minfo[39m:: Server is running on port 5000
2026-05-16 12:14:50 [32minfo[39m:: Server is running on port 5000
2026-05-16 12:15:10 [32minfo[39m:: Server is running on port 5000
2026-05-16 12:16:38 [32minfo[39m:: Server is running on port 5000
2026-05-16 12:20:59 [32minfo[39m:: Server is running on port 5000
2026-05-16 13:01:55 [32minfo[39m:: Server is running on port 5000
2026-05-16 13:12:34 [32minfo[39m:: Server is running on port 5000
2026-05-16 13:13:12 [32minfo[39m:: Server is running on port 5000
2026-05-16 13:13:29 [32minfo[39m:: Server is running on port 5000
2026-05-16 13:13:52 [32minfo[39m:: Server is running on port 5000
2026-05-16 13:15:35 [32minfo[39m:: Server is running on port 5000
2026-05-16 13:47:29 [32minfo[39m:: Server is running on port 5000
2026-05-16 13:52:43 [32minfo[39m:: Server is running on port 5000
2026-05-16 13:53:21 [32minfo[39m:: Server is running on port 5000
2026-05-16 13:56:47 [32minfo[39m:: Server is running on port 5000
2026-05-16 14:03:58 [32minfo[39m:: Server is running on port 5000
2026-05-16 14:04:43 [32minfo[39m:: Server is running on port 5000
2026-05-16 14:05:14 [32minfo[39m:: Server is running on port 5000
2026-05-16 14:10:13 [32minfo[39m:: Server is running on port 5000
2026-05-16 14:11:07 [32minfo[39m:: Server is running on port 5000
2026-05-16 14:12:51 [32minfo[39m:: Server is running on port 5000
2026-05-16 14:13:11 [32minfo[39m:: Server is running on port 5000
2026-05-16 14:14:11 [32minfo[39m:: Server is running on port 5000
2026-05-16 21:35:35 [32minfo[39m:: Server is running on port 5000
2026-05-16 21:37:55 [32minfo[39m:: Server is running on port 5000
2026-05-16 21:38:09 [32minfo[39m:: Server is running on port 5000
2026-05-17 16:59:55 [32minfo[39m:: Server is running on port 5000
2026-05-17 17:44:49 [32minfo[39m:: Server is running on port 5000
2026-05-17 17:45:36 [32minfo[39m:: Server is running on port 5000
2026-05-17 17:46:41 [32minfo[39m:: Server is running on port 5000
2026-05-17 17:47:10 [32minfo[39m:: Server is running on port 5000
2026-05-17 18:00:51 [32minfo[39m:: Server is running on port 5000
2026-05-17 18:02:09 [32minfo[39m:: Server is running on port 5000
2026-05-17 18:02:49 [32minfo[39m:: Server is running on port 5000
2026-05-17 20:41:17 [32minfo[39m:: Server is running on port 5000
2026-05-18 13:29:58 [32minfo[39m:: Server is running on port 5000
2026-05-18 13:31:44 [32minfo[39m:: Server is running on port 5000
2026-05-18 13:44:46 [32minfo[39m:: Server is running on port 5000
2026-05-18 13:48:12 [32minfo[39m:: Server is running on port 5000
2026-05-18 13:50:28 [32minfo[39m:: Server is running on port 5000
2026-05-18 14:07:54 [32minfo[39m:: Server is running on port 5000
2026-05-18 14:09:20 [32minfo[39m:: Server is running on port 5000
2026-05-18 14:09:36 [32minfo[39m:: Server is running on port 5000
2026-05-18 14:10:41 [32minfo[39m:: Server is running on port 5000
2026-05-19 21:17:51 [32minfo[39m:: Server is running on port 5000
2026-05-19 21:18:32 [32minfo[39m:: Server is running on port 5000
2026-05-19 21:23:42 [32minfo[39m:: Server is running on port 5000
2026-05-19 21:24:14 [32minfo[39m:: Server is running on port 5000
2026-05-19 21:25:57 [32minfo[39m:: Server is running on port 5000
2026-05-19 21:30:00 [32minfo[39m:: Server is running on port 5000
2026-05-19 21:33:02 [32minfo[39m:: Server is running on port 5000
2026-05-19 21:33:54 [32minfo[39m:: Server is running on port 5000
2026-05-19 21:34:18 [32minfo[39m:: Server is running on port 5000
2026-05-19 21:36:00 [32minfo[39m:: Server is running on port 5000
2026-05-19 21:36:17 [32minfo[39m:: Server is running on port 5000
2026-05-19 22:20:24 [32minfo[39m:: Server is running on port 5000
2026-05-19 22:28:52 [32minfo[39m:: Server is running on port 5000
2026-05-19 22:39:11 [32minfo[39m:: Server is running on port 5000
2026-05-19 22:42:26 [32minfo[39m:: Server is running on port 5000
2026-05-19 22:45:11 [32minfo[39m:: Server is running on port 5000
2026-05-19 22:48:49 [32minfo[39m:: Server is running on port 5000
2026-05-19 22:51:23 [32minfo[39m:: Server is running on port 5000
2026-05-19 22:56:12 [32minfo[39m:: Server is running on port 5000
2026-05-20 00:55:57 [32minfo[39m:: Server is running on port 5000
2026-05-20 00:56:57 [32minfo[39m:: Server is running on port 5000
2026-05-20 00:57:58 [32minfo[39m:: Server is running on port 5000
2026-05-20 00:59:33 [32minfo[39m:: Server is running on port 5000
2026-05-20 01:00:07 [32minfo[39m:: Server is running on port 5000
2026-05-20 01:05:12 [32minfo[39m:: Server is running on port 5000
2026-05-20 01:06:40 [32minfo[39m:: Server is running on port 5000
2026-05-20 01:07:22 [32minfo[39m:: Server is running on port 5000
2026-05-20 01:08:29 [32minfo[39m:: Server is running on port 5000
2026-05-20 01:09:35 [32minfo[39m:: Server is running on port 5000
2026-05-20 01:10:08 [32minfo[39m:: Server is running on port 5000
2026-05-20 01:11:40 [32minfo[39m:: Server is running on port 5000
2026-05-20 01:12:27 [32minfo[39m:: Server is running on port 5000
2026-05-20 01:12:43 [32minfo[39m:: Server is running on port 5000
2026-05-20 01:13:47 [32minfo[39m:: Server is running on port 5000
2026-05-20 01:14:46 [32minfo[39m:: Server is running on port 5000
2026-05-20 01:16:42 [32minfo[39m:: Server is running on port 5000
2026-05-20 01:17:27 [32minfo[39m:: Server is running on port 5000
2026-05-20 01:17:43 [32minfo[39m:: Server is running on port 5000
2026-05-20 01:18:34 [32minfo[39m:: Server is running on port 5000
2026-05-20 01:20:46 [32minfo[39m:: Server is running on port 5000
2026-05-20 01:25:16 [32minfo[39m:: Server is running on port 5000
2026-05-20 01:27:36 [32minfo[39m:: Server is running on port 5000
2026-05-20 01:29:32 [32minfo[39m:: Server is running on port 5000
2026-05-20 17:40:34 [32minfo[39m:: Server is running on port 5000
2026-05-21 08:17:13 [32minfo[39m:: Server is running on port 5000
2026-05-21 08:19:33 [32minfo[39m:: Server is running on port 5000
2026-05-21 08:27:08 [32minfo[39m:: Server is running on port 5000
2026-05-21 08:34:33 [32minfo[39m:: Server is running on port 5000
2026-05-21 09:08:08 [32minfo[39m:: Server is running on port 5000
2026-05-21 09:31:05 [32minfo[39m:: Server is running on port 5000
2026-05-21 14:30:54 [32minfo[39m:: Server is running on port 5000
2026-05-21 14:33:39 [32minfo[39m:: Server is running on port 5000
2026-05-21 14:34:35 [32minfo[39m:: Server is running on port 5000
2026-05-21 14:35:15 [32minfo[39m:: Server is running on port 5000
2026-05-21 14:37:01 [32minfo[39m:: Server is running on port 5000
2026-05-21 14:37:24 [32minfo[39m:: Server is running on port 5000
2026-05-21 14:37:54 [32minfo[39m:: Server is running on port 5000
2026-05-21 14:38:37 [32minfo[39m:: Server is running on port 5000
2026-05-21 14:39:06 [32minfo[39m:: Server is running on port 5000
2026-05-21 14:39:38 [32minfo[39m:: Server is running on port 5000
2026-05-21 14:43:19 [32minfo[39m:: Server is running on port 5000
2026-05-21 14:43:20 [31merror[39m:: Failed to delete venue image with public id venue_images/1779275587571-image.png: Delete failed: Request failed with status code 500
2026-05-21 14:44:35 [32minfo[39m:: Server is running on port 5000
2026-05-21 14:44:39 [31merror[39m:: Failed to delete venue image with public id venue_images/1779275587571-image.png: Delete failed: Request failed with status code 500
2026-05-21 14:45:08 [32minfo[39m:: Server is running on port 5000
2026-05-21 14:45:11 [31merror[39m:: Failed to delete venue image with public id venue_images/1779275587571-image.png: Delete failed: Request failed with status code 500
2026-05-21 14:48:57 [32minfo[39m:: Server is running on port 5000
2026-05-21 14:48:59 [31merror[39m:: Failed to delete venue image with public id venue_images/1779275587571-image.png: Delete failed: Request failed with status code 500
2026-05-21 14:50:21 [32minfo[39m:: Server is running on port 5000
2026-05-21 14:52:12 [32minfo[39m:: Server is running on port 5000
2026-05-21 14:54:22 [32minfo[39m:: Server is running on port 5000
2026-05-21 14:54:41 [32minfo[39m:: Server is running on port 5000
2026-05-21 14:55:27 [32minfo[39m:: Server is running on port 5000
2026-05-21 14:59:08 [32minfo[39m:: Server is running on port 5000
2026-05-21 15:00:06 [32minfo[39m:: Server is running on port 5000
2026-05-21 15:16:58 [32minfo[39m:: Server is running on port 5000
2026-05-21 15:21:34 [32minfo[39m:: Server is running on port 5000
2026-05-21 15:33:09 [32minfo[39m:: Server is running on port 5000
2026-05-21 15:34:35 [32minfo[39m:: Server is running on port 5000
2026-05-21 15:49:21 [32minfo[39m:: Server is running on port 5000
2026-05-21 15:52:18 [32minfo[39m:: Server is running on port 5000
2026-05-21 15:54:57 [32minfo[39m:: Server is running on port 5000
2026-05-21 19:16:02 [32minfo[39m:: Server is running on port 5000
2026-05-21 19:18:20 [32minfo[39m:: Server is running on port 5000
2026-05-21 22:33:57 [32minfo[39m:: Server is running on port 5000
2026-05-21 23:00:41 [32minfo[39m:: Server is running on port 5000
2026-05-22 12:09:19 [32minfo[39m:: Server is running on port 5000
2026-05-22 12:09:38 [32minfo[39m:: Server is running on port 5000
2026-05-22 13:25:02 [32minfo[39m:: Server is running on port 5000
2026-05-22 13:26:10 [32minfo[39m:: Server is running on port 5000
2026-05-22 13:32:26 [32minfo[39m:: Server is running on port 5000
2026-05-22 13:37:24 [32minfo[39m:: Server is running on port 5000
2026-05-22 13:51:38 [32minfo[39m:: Server is running on port 5000
2026-05-22 13:52:22 [32minfo[39m:: Server is running on port 5000
2026-05-22 13:55:37 [32minfo[39m:: Server is running on port 5000
2026-05-22 13:56:29 [32minfo[39m:: Server is running on port 5000
2026-05-22 14:14:17 [32minfo[39m:: Server is running on port 5000
2026-05-22 14:18:00 [32minfo[39m:: Server is running on port 5000
2026-05-22 14:18:57 [32minfo[39m:: Server is running on port 5000
2026-05-22 14:19:31 [32minfo[39m:: Server is running on port 5000
2026-05-22 14:19:57 [32minfo[39m:: Server is running on port 5000
2026-05-22 14:28:56 [32minfo[39m:: Server is running on port 5000
2026-05-22 14:30:22 [32minfo[39m:: Server is running on port 5000
2026-05-22 14:31:01 [32minfo[39m:: Server is running on port 5000
2026-05-22 14:31:56 [32minfo[39m:: Server is running on port 5000
2026-05-22 14:32:37 [32minfo[39m:: Server is running on port 5000
2026-05-22 14:32:54 [32minfo[39m:: Server is running on port 5000
2026-05-22 14:33:26 [32minfo[39m:: Server is running on port 5000
2026-05-22 14:33:43 [32minfo[39m:: Server is running on port 5000
2026-05-22 14:34:23 [32minfo[39m:: Server is running on port 5000
2026-05-22 14:35:08 [32minfo[39m:: Server is running on port 5000
2026-05-22 14:35:23 [32minfo[39m:: Server is running on port 5000
2026-05-22 15:17:37 [32minfo[39m:: Server is running on port 5000
2026-05-22 15:23:23 [32minfo[39m:: Server is running on port 5000
2026-05-22 15:25:45 [32minfo[39m:: Server is running on port 5000
2026-05-22 15:26:56 [32minfo[39m:: Server is running on port 5000
2026-05-22 15:56:55 [32minfo[39m:: Server is running on port 5000
2026-05-22 15:59:55 [32minfo[39m:: Server is running on port 5000
2026-05-22 16:41:21 [32minfo[39m:: Server is running on port 5000
2026-05-22 20:14:53 [32minfo[39m:: Server is running on port 5000
2026-05-22 20:43:05 [32minfo[39m:: Server is running on port 5000
2026-05-22 20:44:40 [32minfo[39m:: Server is running on port 5000
2026-05-22 20:44:59 [32minfo[39m:: Server is running on port 5000
2026-05-22 20:47:48 [32minfo[39m:: Server is running on port 5000
2026-05-22 20:55:29 [32minfo[39m:: Server is running on port 5000
2026-05-23 11:37:44 [32minfo[39m:: Server is running on port 5000
2026-05-23 11:38:54 [32minfo[39m:: Server is running on port 5000
2026-05-23 11:44:13 [32minfo[39m:: Server is running on port 5000
2026-05-23 11:47:52 [32minfo[39m:: Server is running on port 5000
2026-05-23 12:24:09 [32minfo[39m:: Server is running on port 5000
2026-05-23 12:27:41 [32minfo[39m:: Server is running on port 5000
2026-05-23 12:28:55 [32minfo[39m:: Server is running on port 5000
2026-05-23 12:54:41 [32minfo[39m:: Server is running on port 5000
2026-05-23 13:41:54 [32minfo[39m:: Server is running on port 5000
2026-05-23 13:43:11 [32minfo[39m:: Server is running on port 5000
2026-05-23 13:44:23 [32minfo[39m:: Server is running on port 5000
2026-05-23 13:56:22 [32minfo[39m:: Server is running on port 5000
2026-05-23 13:59:22 [32minfo[39m:: Server is running on port 5000
2026-05-23 14:07:35 [32minfo[39m:: Server is running on port 5000
2026-05-23 14:08:10 [32minfo[39m:: Server is running on port 5000
2026-05-23 14:08:48 [32minfo[39m:: Server is running on port 5000
2026-05-23 14:09:13 [32minfo[39m:: Server is running on port 5000
2026-05-23 14:15:02 [32minfo[39m:: Server is running on port 5000
2026-05-23 14:18:19 [32minfo[39m:: Server is running on port 5000
2026-05-23 14:18:34 [32minfo[39m:: Server is running on port 5000
2026-05-23 14:19:49 [32minfo[39m:: Server is running on port 5000
2026-05-23 14:26:30 [32minfo[39m:: Server is running on port 5000
2026-05-23 14:29:00 [32minfo[39m:: Server is running on port 5000
2026-05-23 14:38:35 [32minfo[39m:: Server is running on port 5000
2026-05-23 14:40:04 [32minfo[39m:: Server is running on port 5000
2026-05-23 14:40:36 [32minfo[39m:: Server is running on port 5000
2026-05-23 14:41:48 [32minfo[39m:: Server is running on port 5000
2026-05-23 14:42:18 [32minfo[39m:: Server is running on port 5000
2026-05-23 14:45:17 [32minfo[39m:: Server is running on port 5000
2026-05-23 14:48:03 [32minfo[39m:: Server is running on port 5000
2026-05-23 14:50:41 [32minfo[39m:: Server is running on port 5000
2026-05-23 15:06:17 [32minfo[39m:: Server is running on port 5000
2026-05-23 15:07:12 [32minfo[39m:: Server is running on port 5000
2026-05-23 15:15:53 [32minfo[39m:: Server is running on port 5000
2026-05-23 15:16:07 [32minfo[39m:: Server is running on port 5000
2026-05-23 15:17:11 [32minfo[39m:: Server is running on port 5000
2026-05-23 15:26:23 [32minfo[39m:: Server is running on port 5000
2026-05-23 15:27:04 [32minfo[39m:: Server is running on port 5000
2026-05-23 15:44:13 [32minfo[39m:: Server is running on port 5000
2026-05-24 11:27:36 [32minfo[39m:: Server is running on port 5000
2026-05-24 12:53:11 [32minfo[39m:: Server is running on port 5000
2026-05-24 12:56:58 [32minfo[39m:: Server is running on port 5000
2026-05-24 12:57:54 [32minfo[39m:: Server is running on port 5000
2026-05-24 14:58:11 [32minfo[39m:: Server is running on port 5000
2026-05-24 15:20:32 [32minfo[39m:: Server is running on port 5000
2026-05-24 15:22:23 [32minfo[39m:: Server is running on port 5000
2026-05-24 15:29:51 [32minfo[39m:: Server is running on port 5000
2026-05-24 22:29:09 [32minfo[39m:: Server is running on port 5000
2026-05-24 22:36:58 [32minfo[39m:: Server is running on port 5000
2026-05-24 22:43:52 [32minfo[39m:: Server is running on port 5000
2026-05-24 22:50:52 [32minfo[39m:: Server is running on port 5000
2026-05-24 23:04:56 [32minfo[39m:: Server is running on port 5000
2026-05-25 00:08:57 [32minfo[39m:: Server is running on port 5000
2026-05-25 00:51:07 [32minfo[39m:: Server is running on port 5000
2026-05-25 12:11:36 [32minfo[39m:: Server is running on port 5000
2026-05-25 12:21:44 [32minfo[39m:: Server is running on port 5000
2026-05-25 12:28:18 [32minfo[39m:: Server is running on port 5000
2026-05-25 12:29:46 [32minfo[39m:: Server is running on port 5000
2026-05-25 13:03:46 [32minfo[39m:: Server is running on port 5000
2026-05-25 13:39:19 [32minfo[39m:: Server is running on port 5000
2026-05-25 19:50:59 [32minfo[39m:: Server is running on port 5000
2026-05-25 20:33:40 [32minfo[39m:: Server is running on port 5000
2026-05-25 20:35:00 [32minfo[39m:: Server is running on port 5000
2026-05-25 21:07:20 [32minfo[39m:: Server is running on port 5000
2026-05-25 21:08:00 [32minfo[39m:: Server is running on port 5000
2026-05-25 21:28:07 [32minfo[39m:: Server is running on port 5000
2026-05-26 13:10:04 [32minfo[39m:: Server is running on port 5000
2026-05-26 13:14:16 [32minfo[39m:: Server is running on port 5000
2026-05-26 13:18:22 [32minfo[39m:: Server is running on port 5000
2026-05-26 13:19:10 [32minfo[39m:: Server is running on port 5000
2026-05-26 13:19:28 [32minfo[39m:: Server is running on port 5000
2026-05-26 13:20:47 [32minfo[39m:: Server is running on port 5000
2026-05-26 13:30:45 [32minfo[39m:: Server is running on port 5000
2026-05-26 13:34:58 [32minfo[39m:: Server is running on port 5000
2026-05-26 13:36:22 [32minfo[39m:: Server is running on port 5000
2026-05-26 14:43:34 [32minfo[39m:: Server is running on port 5000
2026-05-26 14:46:52 [32minfo[39m:: Server is running on port 5000
2026-05-26 14:50:22 [32minfo[39m:: Server is running on port 5000
2026-05-26 14:54:07 [32minfo[39m:: Server is running on port 5000
2026-05-26 14:56:10 [32minfo[39m:: Server is running on port 5000
2026-05-26 15:00:48 [32minfo[39m:: Server is running on port 5000
2026-05-26 15:01:25 [32minfo[39m:: Server is running on port 5000
2026-05-26 15:03:03 [32minfo[39m:: Server is running on port 5000
2026-05-26 15:08:44 [32minfo[39m:: Server is running on port 5000
2026-05-26 17:08:34 [32minfo[39m:: Server is running on port 5000
2026-05-26 17:10:52 [32minfo[39m:: Server is running on port 5000
2026-05-26 17:21:28 [32minfo[39m:: Server is running on port 5000
2026-05-26 17:22:15 [32minfo[39m:: Server is running on port 5000
2026-05-26 17:22:55 [32minfo[39m:: Server is running on port 5000
2026-05-26 17:28:32 [32minfo[39m:: Server is running on port 5000
2026-05-26 17:28:53 [32minfo[39m:: Server is running on port 5000
2026-05-26 17:31:18 [32minfo[39m:: Server is running on port 5000
2026-05-26 17:33:08 [32minfo[39m:: Server is running on port 5000
2026-05-26 17:39:39 [32minfo[39m:: Server is running on port 5000
2026-05-26 17:48:52 [32minfo[39m:: Server is running on port 5000
2026-05-26 17:50:26 [32minfo[39m:: Server is running on port 5000
2026-05-26 17:53:41 [32minfo[39m:: Server is running on port 5000
2026-05-26 17:55:12 [32minfo[39m:: Server is running on port 5000
2026-05-26 17:56:17 [32minfo[39m:: Server is running on port 5000
2026-05-26 18:02:59 [32minfo[39m:: Server is running on port 5000
2026-05-26 18:04:53 [32minfo[39m:: Server is running on port 5000
2026-05-26 19:52:18 [32minfo[39m:: Server is running on port 5000
2026-05-26 19:54:41 [32minfo[39m:: Server is running on port 5000
2026-05-26 19:55:17 [32minfo[39m:: Server is running on port 5000
2026-05-27 14:13:25 [32minfo[39m:: Server is running on port 5000
2026-05-27 14:26:12 [32minfo[39m:: Server is running on port 5000
2026-05-27 14:38:18 [32minfo[39m:: Server is running on port 5000
2026-05-27 15:04:19 [32minfo[39m:: Server is running on port 5000
2026-05-27 15:08:57 [32minfo[39m:: Server is running on port 5000
2026-05-27 17:33:01 [32minfo[39m:: Server is running on port 5000
2026-05-27 17:33:28 [31merror[39m:: Please fill all the fields
2026-05-27 17:34:25 [32minfo[39m:: Server is running on port 5000
2026-05-27 17:34:58 [32minfo[39m:: Server is running on port 5000
2026-05-27 17:35:18 [32minfo[39m:: Server is running on port 5000
2026-05-27 23:01:28 [32minfo[39m:: Server is running on port 5000
2026-05-27 23:04:24 [32minfo[39m:: Server is running on port 5000
2026-05-27 23:10:10 [32minfo[39m:: Server is running on port 5000
2026-05-27 23:10:37 [32minfo[39m:: Server is running on port 5000
2026-05-27 23:11:38 [32minfo[39m:: Server is running on port 5000
2026-05-27 23:14:36 [32minfo[39m:: Server is running on port 5000
2026-05-27 23:16:15 [32minfo[39m:: Server is running on port 5000
2026-05-27 23:19:41 [32minfo[39m:: Server is running on port 5000
2026-05-27 23:22:28 [32minfo[39m:: Server is running on port 5000
2026-05-27 23:30:28 [32minfo[39m:: Server is running on port 5000
2026-05-28 13:31:10 [32minfo[39m:: Server is running on port 5000
2026-05-28 13:32:46 [32minfo[39m:: Server is running on port 5000
2026-05-28 14:18:52 [32minfo[39m:: Server is running on port 5000
2026-05-28 14:22:10 [32minfo[39m:: Server is running on port 5000
2026-05-28 14:26:37 [32minfo[39m:: Server is running on port 5000
2026-05-28 14:39:05 [32minfo[39m:: Server is running on port 5000
2026-05-28 14:41:19 [32minfo[39m:: Server is running on port 5000
2026-05-28 15:30:45 [32minfo[39m:: Server is running on port 5000
2026-05-28 15:33:27 [32minfo[39m:: Server is running on port 5000
2026-05-28 16:05:11 [32minfo[39m:: Server is running on port 5000
2026-05-28 16:06:07 [32minfo[39m:: Server is running on port 5000
2026-05-28 16:19:15 [32minfo[39m:: Server is running on port 5000
2026-05-28 16:28:25 [32minfo[39m:: Server is running on port 5000
2026-05-28 16:35:18 [32minfo[39m:: Server is running on port 5000
2026-05-28 16:39:23 [32minfo[39m:: Server is running on port 5000
2026-05-28 20:20:15 [32minfo[39m:: Server is running on port 5000
2026-05-28 20:21:38 [32minfo[39m:: Server is running on port 5000
2026-05-28 20:22:08 [31merror[39m:: Please fill all the fields
2026-05-28 20:27:59 [32minfo[39m:: Server is running on port 5000
2026-05-28 20:30:45 [32minfo[39m:: Server is running on port 5000
2026-05-28 20:31:45 [32minfo[39m:: Server is running on port 5000
2026-05-28 20:32:20 [32minfo[39m:: Server is running on port 5000
2026-05-28 20:36:41 [32minfo[39m:: Server is running on port 5000
2026-05-29 12:35:33 [32minfo[39m:: Server is running on port 5000
2026-05-29 12:41:53 [32minfo[39m:: Server is running on port 5000
2026-05-29 12:43:39 [32minfo[39m:: Server is running on port 5000
2026-05-29 13:00:18 [32minfo[39m:: Server is running on port 5000
2026-05-29 13:02:03 [32minfo[39m:: Server is running on port 5000
2026-05-29 13:12:25 [32minfo[39m:: Server is running on port 5000
2026-05-29 13:12:59 [32minfo[39m:: Server is running on port 5000
2026-05-29 14:18:31 [32minfo[39m:: Server is running on port 5000
2026-05-29 14:19:26 [32minfo[39m:: Server is running on port 5000
2026-05-29 14:30:09 [32minfo[39m:: Server is running on port 5000
2026-05-29 15:11:38 [32minfo[39m:: Server is running on port 5000
2026-05-29 15:29:31 [32minfo[39m:: Server is running on port 5000
2026-05-29 15:30:03 [32minfo[39m:: Server is running on port 5000
2026-05-29 15:36:07 [32minfo[39m:: Server is running on port 5000
2026-05-29 15:41:12 [32minfo[39m:: Server is running on port 5000
2026-05-29 15:44:16 [32minfo[39m:: Server is running on port 5000
2026-05-29 16:07:31 [32minfo[39m:: Server is running on port 5000
2026-05-29 16:08:54 [32minfo[39m:: Server is running on port 5000
2026-05-29 16:11:55 [32minfo[39m:: Server is running on port 5000
2026-05-29 16:12:34 [32minfo[39m:: Server is running on port 5000
2026-05-29 16:19:54 [32minfo[39m:: Server is running on port 5000
2026-05-29 16:20:50 [32minfo[39m:: Server is running on port 5000
2026-05-29 20:03:34 [32minfo[39m:: Server is running on port 5000
2026-05-29 20:05:08 [32minfo[39m:: Server is running on port 5000
2026-05-29 20:09:30 [32minfo[39m:: Server is running on port 5000
2026-05-29 20:10:29 [32minfo[39m:: Server is running on port 5000
2026-05-29 20:10:54 [32minfo[39m:: Server is running on port 5000
2026-05-29 20:11:11 [32minfo[39m:: Server is running on port 5000
2026-05-29 20:29:44 [32minfo[39m:: Server is running on port 5000
2026-05-29 20:30:11 [32minfo[39m:: Server is running on port 5000
2026-05-29 20:30:41 [32minfo[39m:: Server is running on port 5000
2026-05-29 20:39:37 [32minfo[39m:: Server is running on port 5000
2026-05-29 21:58:54 [32minfo[39m:: Server is running on port 5000
2026-05-29 22:01:17 [32minfo[39m:: Server is running on port 5000
2026-05-29 22:01:41 [32minfo[39m:: Server is running on port 5000
2026-05-29 22:02:12 [32minfo[39m:: Server is running on port 5000
2026-05-29 22:02:28 [32minfo[39m:: Server is running on port 5000
2026-05-29 22:02:42 [32minfo[39m:: Server is running on port 5000
2026-05-29 22:28:58 [32minfo[39m:: Server is running on port 5000
2026-05-29 22:30:57 [32minfo[39m:: Server is running on port 5000
2026-05-29 22:32:22 [32minfo[39m:: Server is running on port 5000
2026-05-29 23:45:33 [32minfo[39m:: Server is running on port 5000
2026-05-30 12:30:31 [32minfo[39m:: Server is running on port 5000
2026-05-30 12:32:41 [32minfo[39m:: Server is running on port 5000
2026-05-30 13:03:25 [32minfo[39m:: Server is running on port 5000
2026-05-30 13:22:56 [32minfo[39m:: Server is running on port 5000
2026-05-30 13:23:31 [32minfo[39m:: Server is running on port 5000
2026-05-30 13:47:04 [32minfo[39m:: Server is running on port 5000
2026-05-30 14:39:17 [32minfo[39m:: Server is running on port 5000
2026-05-30 15:49:18 [32minfo[39m:: Server is running on port 5000
2026-05-30 15:55:42 [32minfo[39m:: Server is running on port 5000
2026-05-30 15:56:09 [32minfo[39m:: Server is running on port 5000
2026-05-30 15:56:25 [32minfo[39m:: Server is running on port 5000
2026-05-30 15:56:47 [32minfo[39m:: Server is running on port 5000
2026-05-30 16:04:35 [31merror[39m:: Please fill all the fields
2026-05-30 16:07:24 [32minfo[39m:: Server is running on port 5000
2026-05-30 16:18:49 [32minfo[39m:: Server is running on port 5000
2026-05-30 16:19:08 [32minfo[39m:: Server is running on port 5000
2026-05-30 16:19:48 [32minfo[39m:: Server is running on port 5000
2026-05-30 16:20:17 [32minfo[39m:: Server is running on port 5000
2026-05-30 16:23:56 [32minfo[39m:: Server is running on port 5000
2026-05-30 17:15:27 [32minfo[39m:: Server is running on port 5000
2026-05-30 17:24:46 [32minfo[39m:: Server is running on port 5000
2026-05-30 17:38:29 [32minfo[39m:: Server is running on port 5000
2026-05-30 20:47:19 [32minfo[39m:: Server is running on port 5000
2026-05-30 21:02:32 [32minfo[39m:: Server is running on port 5000
2026-05-30 21:03:57 [32minfo[39m:: Server is running on port 5000
2026-05-30 21:20:29 [32minfo[39m:: Server is running on port 5000
2026-05-30 21:26:19 [32minfo[39m:: Server is running on port 5000
2026-05-30 21:26:45 [32minfo[39m:: Server is running on port 5000
2026-05-30 22:18:29 [32minfo[39m:: Server is running on port 5000
2026-05-30 22:18:51 [32minfo[39m:: Server is running on port 5000
2026-05-30 22:19:08 [32minfo[39m:: Server is running on port 5000
2026-05-30 22:19:32 [32minfo[39m:: Server is running on port 5000
2026-05-30 22:34:05 [32minfo[39m:: Server is running on port 5000
2026-05-30 22:35:39 [32minfo[39m:: Server is running on port 5000
2026-05-30 23:02:08 [32minfo[39m:: Server is running on port 5000
2026-05-30 23:03:37 [32minfo[39m:: Server is running on port 5000
2026-05-30 23:09:08 [32minfo[39m:: Server is running on port 5000
2026-05-30 23:25:40 [32minfo[39m:: Server is running on port 5000
2026-05-30 23:27:01 [32minfo[39m:: Server is running on port 5000
2026-05-30 23:27:16 [32minfo[39m:: Server is running on port 5000
2026-05-30 23:29:16 [32minfo[39m:: Server is running on port 5000
2026-05-30 23:29:42 [32minfo[39m:: Server is running on port 5000
2026-05-30 23:30:52 [32minfo[39m:: Server is running on port 5000
2026-05-30 23:31:53 [32minfo[39m:: Server is running on port 5000
2026-05-30 23:32:04 [32minfo[39m:: Server is running on port 5000
2026-05-30 23:39:46 [32minfo[39m:: Server is running on port 5000
2026-05-31 00:00:18 [32minfo[39m:: Server is running on port 5000
2026-05-31 00:01:17 [32minfo[39m:: Server is running on port 5000
2026-05-31 00:13:27 [32minfo[39m:: Server is running on port 5000
2026-05-31 00:14:31 [32minfo[39m:: Server is running on port 5000
2026-05-31 00:15:20 [32minfo[39m:: Server is running on port 5000
2026-05-31 00:16:59 [32minfo[39m:: Server is running on port 5000
2026-05-31 00:18:25 [31merror[39m:: Please fill all the fields
2026-05-31 00:18:49 [31merror[39m:: Please fill all the fields
2026-05-31 00:23:03 [32minfo[39m:: Server is running on port 5000
2026-05-31 00:25:12 [32minfo[39m:: Server is running on port 5000
2026-05-31 00:26:34 [32minfo[39m:: Server is running on port 5000
2026-05-31 00:28:52 [32minfo[39m:: Server is running on port 5000
2026-05-31 00:33:07 [32minfo[39m:: Server is running on port 5000
2026-05-31 00:34:51 [32minfo[39m:: Server is running on port 5000
2026-05-31 11:52:11 [32minfo[39m:: Server is running on port 5000
2026-05-31 11:59:41 [32minfo[39m:: Server is running on port 5000
2026-05-31 12:00:08 [32minfo[39m:: Server is running on port 5000
2026-05-31 14:36:46 [32minfo[39m:: Server is running on port 5000
2026-05-31 14:39:09 [32minfo[39m:: Server is running on port 5000
2026-05-31 14:49:52 [32minfo[39m:: Server is running on port 5000
2026-05-31 14:51:55 [32minfo[39m:: Server is running on port 5000
2026-05-31 15:20:28 [32minfo[39m:: Server is running on port 5000
2026-05-31 15:34:48 [32minfo[39m:: Server is running on port 5000
2026-05-31 15:50:05 [32minfo[39m:: Server is running on port 5000
2026-05-31 15:51:20 [32minfo[39m:: Server is running on port 5000
2026-05-31 15:52:39 [32minfo[39m:: Server is running on port 5000
2026-05-31 15:53:33 [32minfo[39m:: Server is running on port 5000
2026-05-31 15:57:35 [32minfo[39m:: Server is running on port 5000
2026-05-31 16:01:18 [32minfo[39m:: Server is running on port 5000
2026-05-31 16:02:22 [32minfo[39m:: Server is running on port 5000
2026-05-31 16:02:50 [32minfo[39m:: Server is running on port 5000
2026-05-31 16:04:09 [32minfo[39m:: Server is running on port 5000
2026-05-31 16:04:57 [32minfo[39m:: Server is running on port 5000
2026-05-31 16:06:24 [32minfo[39m:: Server is running on port 5000
2026-05-31 16:12:40 [32minfo[39m:: Server is running on port 5000
2026-05-31 20:42:52 [32minfo[39m:: Server is running on port 5000
2026-05-31 20:48:35 [31merror[39m:: Show Training Error
2026-05-31 20:49:23 [32minfo[39m:: Server is running on port 5000
2026-05-31 20:53:49 [32minfo[39m:: Server is running on port 5000
2026-05-31 20:54:49 [32minfo[39m:: Server is running on port 5000
2026-05-31 21:23:14 [32minfo[39m:: Server is running on port 5000
2026-05-31 21:25:37 [32minfo[39m:: Server is running on port 5000
2026-05-31 21:27:02 [32minfo[39m:: Server is running on port 5000
2026-05-31 21:28:41 [32minfo[39m:: Server is running on port 5000
2026-05-31 21:31:41 [32minfo[39m:: Server is running on port 5000
2026-05-31 21:32:21 [32minfo[39m:: Server is running on port 5000
2026-05-31 21:33:13 [32minfo[39m:: Server is running on port 5000
2026-05-31 21:38:10 [32minfo[39m:: Server is running on port 5000
2026-05-31 21:46:06 [32minfo[39m:: Server is running on port 5000
2026-05-31 21:48:30 [32minfo[39m:: Server is running on port 5000
2026-05-31 21:50:21 [32minfo[39m:: Server is running on port 5000
2026-05-31 21:54:13 [32minfo[39m:: Server is running on port 5000
2026-05-31 22:04:02 [32minfo[39m:: Server is running on port 5000
2026-05-31 22:14:15 [32minfo[39m:: Server is running on port 5000
2026-05-31 23:15:59 [32minfo[39m:: Server is running on port 5000
2026-05-31 23:23:26 [32minfo[39m:: Server is running on port 5000
2026-06-02 09:26:59 [32minfo[39m:: Server is running on port 5000
2026-06-02 09:51:58 [32minfo[39m:: Server is running on port 5000
2026-06-02 09:53:14 [32minfo[39m:: Server is running on port 5000
2026-06-02 13:31:00 [32minfo[39m:: Server is running on port 5000
2026-06-02 13:35:25 [32minfo[39m:: Server is running on port 5000
2026-06-02 13:36:37 [32minfo[39m:: Server is running on port 5000
2026-06-02 13:37:57 [32minfo[39m:: Server is running on port 5000
2026-06-02 13:46:24 [32minfo[39m:: Server is running on port 5000
2026-06-02 13:46:28 [31merror[39m:: category_card_public_id Delete failed: Request failed with status code 500
2026-06-02 13:46:28 [31merror[39m:: main_program_banner_public_id Delete failed: read ECONNRESET
2026-06-02 13:46:28 [31merror[39m:: learning_public_id Delete failed: Request failed with status code 500
2026-06-02 13:46:28 [31merror[39m:: coach_public_id Delete failed: Request failed with status code 500
2026-06-02 13:46:29 [31merror[39m:: Failed to delete training program
2026-06-02 13:49:42 [32minfo[39m:: Server is running on port 5000
2026-06-02 13:49:45 [31merror[39m:: category_card_public_id Delete failed: Request failed with status code 500
2026-06-02 13:49:45 [31merror[39m:: main_program_banner_public_id Delete failed: read ECONNRESET
2026-06-02 13:49:45 [31merror[39m:: learning_public_id Delete failed: Request failed with status code 500
2026-06-02 13:49:46 [31merror[39m:: Failed to delete training program
2026-06-02 13:52:28 [32minfo[39m:: Server is running on port 5000
2026-06-02 13:52:30 [31merror[39m:: category_card_public_id Delete failed: Request failed with status code 500
2026-06-02 13:52:30 [31merror[39m:: main_program_banner_public_id Delete failed: read ECONNRESET
2026-06-02 13:52:30 [31merror[39m:: learning_public_id Delete failed: Request failed with status code 500
2026-06-02 22:20:40 [32minfo[39m:: Server is running on port 5000
2026-06-02 22:21:26 [32minfo[39m:: Server is running on port 5000
2026-06-02 22:29:01 [32minfo[39m:: Server is running on port 5000
2026-06-02 22:29:38 [32minfo[39m:: Server is running on port 5000
2026-06-02 22:33:41 [32minfo[39m:: Server is running on port 5000
2026-06-02 22:34:01 [32minfo[39m:: Server is running on port 5000
2026-06-02 22:34:28 [32minfo[39m:: Server is running on port 5000
2026-06-02 22:44:59 [32minfo[39m:: Server is running on port 5000
2026-06-02 22:47:51 [32minfo[39m:: Server is running on port 5000
2026-06-02 22:48:07 [32minfo[39m:: Server is running on port 5000
2026-06-02 22:49:38 [32minfo[39m:: Server is running on port 5000
2026-06-02 22:50:07 [32minfo[39m:: Server is running on port 5000
2026-06-02 22:50:53 [32minfo[39m:: Server is running on port 5000
2026-06-02 22:51:45 [32minfo[39m:: Server is running on port 5000
2026-06-02 22:52:41 [32minfo[39m:: Server is running on port 5000
2026-06-02 22:53:08 [32minfo[39m:: Server is running on port 5000
2026-06-02 22:53:24 [32minfo[39m:: Server is running on port 5000
2026-06-02 22:54:24 [32minfo[39m:: Server is running on port 5000
2026-06-02 23:10:03 [32minfo[39m:: Server is running on port 5000
2026-06-02 23:10:33 [32minfo[39m:: Server is running on port 5000
2026-06-02 23:13:09 [32minfo[39m:: Server is running on port 5000
2026-06-02 23:16:16 [32minfo[39m:: Server is running on port 5000
2026-06-02 23:18:29 [32minfo[39m:: Server is running on port 5000
2026-06-02 23:24:24 [32minfo[39m:: Server is running on port 5000
2026-06-02 23:24:36 [31merror[39m:: Invalid source
2026-06-02 23:25:32 [32minfo[39m:: Server is running on port 5000
2026-06-02 23:25:34 [31merror[39m:: Invalid source
2026-06-02 23:25:51 [32minfo[39m:: Server is running on port 5000
2026-06-02 23:25:53 [31merror[39m:: Invalid source
2026-06-02 23:26:11 [32minfo[39m:: Server is running on port 5000
2026-06-02 23:26:44 [32minfo[39m:: Server is running on port 5000
2026-06-02 23:28:50 [32minfo[39m:: Server is running on port 5000
2026-06-02 23:30:38 [32minfo[39m:: Server is running on port 5000
2026-06-02 23:32:36 [32minfo[39m:: Server is running on port 5000
2026-06-02 23:33:06 [32minfo[39m:: Server is running on port 5000
2026-06-02 23:33:58 [32minfo[39m:: Server is running on port 5000
2026-06-02 23:34:36 [32minfo[39m:: Server is running on port 5000
2026-06-02 23:36:16 [32minfo[39m:: Server is running on port 5000
2026-06-02 23:36:49 [32minfo[39m:: Server is running on port 5000
2026-06-03 20:47:45 [32minfo[39m:: Server is running on port 5000
2026-06-03 20:48:39 [32minfo[39m:: Server is running on port 5000
2026-06-03 20:49:47 [32minfo[39m:: Server is running on port 5000
2026-06-03 20:51:55 [32minfo[39m:: Server is running on port 5000
2026-06-03 20:52:25 [32minfo[39m:: Server is running on port 5000
2026-06-03 20:54:09 [32minfo[39m:: Server is running on port 5000
2026-06-03 21:07:27 [32minfo[39m:: Server is running on port 5000
2026-06-03 21:08:53 [32minfo[39m:: Server is running on port 5000
2026-06-03 21:09:56 [32minfo[39m:: Server is running on port 5000
2026-06-03 21:17:28 [32minfo[39m:: Server is running on port 5000
2026-06-03 21:18:30 [32minfo[39m:: Server is running on port 5000
2026-06-03 21:18:58 [32minfo[39m:: Server is running on port 5000
2026-06-03 21:20:09 [32minfo[39m:: Server is running on port 5000
2026-06-05 15:41:03 [32minfo[39m:: Server is running on port 5000
2026-06-05 15:52:14 [32minfo[39m:: Server is running on port 5000
2026-06-05 15:54:16 [32minfo[39m:: Server is running on port 5000
2026-06-05 15:55:30 [32minfo[39m:: Server is running on port 5000
2026-06-05 15:56:44 [32minfo[39m:: Server is running on port 5000
2026-06-05 15:57:21 [32minfo[39m:: Server is running on port 5000
2026-06-05 15:57:51 [32minfo[39m:: Server is running on port 5000
2026-06-05 15:58:28 [32minfo[39m:: Server is running on port 5000
2026-06-05 15:58:47 [32minfo[39m:: Server is running on port 5000
2026-06-05 15:59:25 [32minfo[39m:: Server is running on port 5000
2026-06-05 15:59:47 [32minfo[39m:: Server is running on port 5000
2026-06-05 16:00:00 [32minfo[39m:: Server is running on port 5000
2026-06-05 16:01:18 [32minfo[39m:: Server is running on port 5000
2026-06-05 16:16:54 [32minfo[39m:: Server is running on port 5000
2026-06-05 16:21:19 [32minfo[39m:: Server is running on port 5000
2026-06-05 16:23:23 [32minfo[39m:: Server is running on port 5000
2026-06-05 16:25:45 [32minfo[39m:: Server is running on port 5000
2026-06-06 11:58:25 [32minfo[39m:: Server is running on port 5000
2026-06-06 12:31:20 [32minfo[39m:: Server is running on port 5000
2026-06-06 12:37:37 [32minfo[39m:: Server is running on port 5000
2026-06-06 12:38:36 [32minfo[39m:: Server is running on port 5000
2026-06-06 12:41:42 [32minfo[39m:: Server is running on port 5000
2026-06-06 12:44:06 [32minfo[39m:: Server is running on port 5000
2026-06-06 12:52:11 [32minfo[39m:: Server is running on port 5000
2026-06-06 12:53:36 [32minfo[39m:: Server is running on port 5000
2026-06-06 12:54:53 [32minfo[39m:: Server is running on port 5000
2026-06-06 12:55:31 [32minfo[39m:: Server is running on port 5000
2026-06-06 13:01:13 [32minfo[39m:: Server is running on port 5000
2026-06-06 13:19:12 [32minfo[39m:: Server is running on port 5000
2026-06-06 13:29:51 [32minfo[39m:: Server is running on port 5000
2026-06-06 14:11:02 [32minfo[39m:: Server is running on port 5000
2026-06-06 14:15:15 [32minfo[39m:: Server is running on port 5000
2026-06-06 14:16:17 [32minfo[39m:: Server is running on port 5000
2026-06-06 14:17:18 [32minfo[39m:: Server is running on port 5000
2026-06-06 14:18:02 [32minfo[39m:: Server is running on port 5000
2026-06-06 14:18:31 [32minfo[39m:: Server is running on port 5000
2026-06-06 14:19:33 [32minfo[39m:: Server is running on port 5000
2026-06-06 14:20:27 [32minfo[39m:: Server is running on port 5000
2026-06-06 14:21:40 [32minfo[39m:: Server is running on port 5000
2026-06-06 14:22:52 [32minfo[39m:: Server is running on port 5000
2026-06-06 14:23:06 [32minfo[39m:: Server is running on port 5000
2026-06-06 14:23:25 [32minfo[39m:: Server is running on port 5000
2026-06-06 14:24:19 [32minfo[39m:: Server is running on port 5000
2026-06-06 14:51:48 [32minfo[39m:: Server is running on port 5000
2026-06-06 14:53:02 [32minfo[39m:: Server is running on port 5000
2026-06-06 14:58:54 [32minfo[39m:: Server is running on port 5000
2026-06-06 15:07:42 [32minfo[39m:: Server is running on port 5000
2026-06-06 15:35:05 [32minfo[39m:: Server is running on port 5000
2026-06-06 15:36:51 [32minfo[39m:: Server is running on port 5000
2026-06-06 15:41:28 [32minfo[39m:: Server is running on port 5000
2026-06-06 15:41:30 [31merror[39m:: category_card_public_id Delete failed: Request failed with status code 500
2026-06-06 15:41:30 [31merror[39m:: main_program_banner_public_id Delete failed: read ECONNRESET
2026-06-06 15:41:30 [31merror[39m:: learning_public_id Delete failed: Request failed with status code 500
2026-06-06 15:41:55 [31merror[39m:: category_card_public_id Delete failed: Request failed with status code 500
2026-06-06 15:41:55 [31merror[39m:: main_program_banner_public_id Delete failed: read ECONNRESET
2026-06-06 15:41:55 [31merror[39m:: learning_public_id Delete failed: Request failed with status code 500
2026-06-06 15:42:00 [31merror[39m:: category_card_public_id Delete failed: Request failed with status code 500
2026-06-06 15:42:00 [31merror[39m:: main_program_banner_public_id Delete failed: read ECONNRESET
2026-06-06 15:42:00 [31merror[39m:: learning_public_id Delete failed: Request failed with status code 500
2026-06-06 19:36:24 [32minfo[39m:: Server is running on port 5000
2026-06-06 20:04:16 [32minfo[39m:: Server is running on port 5000
2026-06-06 20:12:33 [32minfo[39m:: Server is running on port 5000
2026-06-06 20:14:09 [32minfo[39m:: Server is running on port 5000
2026-06-06 20:17:06 [32minfo[39m:: Server is running on port 5000
2026-06-06 21:28:50 [32minfo[39m:: Server is running on port 5000
2026-06-06 21:36:10 [32minfo[39m:: Server is running on port 5000
2026-06-06 21:52:23 [32minfo[39m:: Server is running on port 5000
2026-06-07 10:35:47 [32minfo[39m:: Server is running on port 5000
2026-06-07 10:40:48 [32minfo[39m:: Server is running on port 5000
2026-06-07 11:24:00 [32minfo[39m:: Server is running on port 5000
2026-06-07 11:30:19 [32minfo[39m:: Server is running on port 5000
2026-06-07 11:31:10 [32minfo[39m:: Server is running on port 5000
2026-06-07 11:32:39 [32minfo[39m:: Server is running on port 5000
2026-06-07 12:18:02 [32minfo[39m:: Server is running on port 5000
2026-06-07 12:26:44 [32minfo[39m:: Server is running on port 5000
2026-06-07 12:34:24 [32minfo[39m:: Server is running on port 5000
2026-06-07 12:34:39 [32minfo[39m:: Server is running on port 5000
2026-06-07 12:39:37 [32minfo[39m:: Server is running on port 5000
2026-06-07 12:40:00 [32minfo[39m:: Server is running on port 5000
2026-06-07 12:45:37 [32minfo[39m:: Server is running on port 5000
2026-06-07 13:48:00 [32minfo[39m:: Server is running on port 5000
2026-06-07 18:11:46 [32minfo[39m:: Server is running on port 5000
2026-06-07 18:18:46 [32minfo[39m:: Server is running on port 5000
2026-06-07 18:19:56 [32minfo[39m:: Server is running on port 5000
2026-06-07 18:19:58 [31merror[39m:: main_program_banner_public_id Delete failed: Request failed with status code 500
2026-06-08 10:10:24 [32minfo[39m:: Server is running on port 5000
2026-06-08 10:40:44 [32minfo[39m:: Server is running on port 5000
2026-06-08 10:43:07 [32minfo[39m:: Server is running on port 5000
2026-06-08 10:51:53 [32minfo[39m:: Server is running on port 5000
2026-06-08 10:54:18 [32minfo[39m:: Server is running on port 5000
2026-06-08 10:54:51 [32minfo[39m:: Server is running on port 5000
2026-06-08 10:56:16 [32minfo[39m:: Server is running on port 5000
2026-06-08 12:30:11 [32minfo[39m:: Server is running on port 5000
2026-06-08 12:32:18 [32minfo[39m:: Server is running on port 5000
2026-06-08 12:33:59 [32minfo[39m:: Server is running on port 5000
2026-06-08 12:34:21 [32minfo[39m:: Server is running on port 5000
2026-06-08 12:35:32 [32minfo[39m:: Server is running on port 5000
2026-06-08 12:44:06 [32minfo[39m:: Server is running on port 5000
2026-06-08 12:45:49 [32minfo[39m:: Server is running on port 5000
2026-06-08 12:46:13 [32minfo[39m:: Server is running on port 5000
2026-06-08 15:23:01 [32minfo[39m:: Server is running on port 5000
2026-06-08 15:49:12 [32minfo[39m:: Server is running on port 5000
2026-06-08 15:50:01 [31merror[39m:: Failed to delete old category card image
2026-06-08 15:56:00 [31merror[39m:: Failed to delete old category card image
2026-06-08 16:47:15 [32minfo[39m:: Server is running on port 5000
2026-06-08 16:51:36 [32minfo[39m:: Server is running on port 5000
2026-06-08 16:52:03 [32minfo[39m:: Server is running on port 5000
2026-06-08 22:21:58 [32minfo[39m:: Server is running on port 5000
2026-06-10 10:05:42 [32minfo[39m:: Server is running on port 5000
2026-06-10 11:52:34 [32minfo[39m:: Server is running on port 5000
2026-06-10 19:29:35 [32minfo[39m:: Server is running on port 5000
2026-06-10 19:31:05 [32minfo[39m:: Server is running on port 5000
2026-06-10 19:37:47 [32minfo[39m:: Server is running on port 5000
2026-06-10 19:38:21 [32minfo[39m:: Server is running on port 5000
2026-06-10 19:38:45 [32minfo[39m:: Server is running on port 5000
2026-06-10 19:39:44 [32minfo[39m:: Server is running on port 5000
2026-06-10 19:42:43 [32minfo[39m:: Server is running on port 5000
2026-06-10 19:43:15 [32minfo[39m:: Server is running on port 5000
2026-06-10 19:44:14 [32minfo[39m:: Server is running on port 5000
2026-06-10 19:44:30 [32minfo[39m:: Server is running on port 5000
2026-06-10 19:44:51 [32minfo[39m:: Server is running on port 5000
2026-06-10 19:46:27 [32minfo[39m:: Server is running on port 5000
2026-06-10 19:54:06 [32minfo[39m:: Server is running on port 5000
2026-06-10 19:57:41 [32minfo[39m:: Server is running on port 5000
2026-06-10 19:58:28 [32minfo[39m:: Server is running on port 5000
2026-06-10 19:58:47 [32minfo[39m:: Server is running on port 5000
2026-06-10 20:01:08 [32minfo[39m:: Server is running on port 5000
2026-06-10 20:02:03 [32minfo[39m:: Server is running on port 5000
2026-06-10 20:02:33 [32minfo[39m:: Server is running on port 5000
2026-06-10 20:04:28 [32minfo[39m:: Server is running on port 5000
2026-06-10 20:07:48 [32minfo[39m:: Server is running on port 5000
2026-06-10 20:21:12 [32minfo[39m:: Server is running on port 5000
2026-06-10 20:22:03 [32minfo[39m:: Server is running on port 5000
2026-06-10 20:23:32 [32minfo[39m:: Server is running on port 5000
2026-06-10 20:26:39 [32minfo[39m:: Server is running on port 5000
2026-06-10 20:27:52 [32minfo[39m:: Server is running on port 5000
2026-06-10 20:29:15 [32minfo[39m:: Server is running on port 5000
2026-06-10 20:30:03 [32minfo[39m:: Server is running on port 5000
2026-06-10 20:31:04 [32minfo[39m:: Server is running on port 5000
2026-06-10 20:31:25 [32minfo[39m:: Server is running on port 5000
2026-06-10 20:33:16 [32minfo[39m:: Server is running on port 5000
2026-06-10 20:35:45 [32minfo[39m:: Server is running on port 5000
2026-06-10 20:36:39 [32minfo[39m:: Server is running on port 5000
2026-06-10 20:37:07 [32minfo[39m:: Server is running on port 5000
2026-06-10 20:37:59 [32minfo[39m:: Server is running on port 5000
2026-06-10 20:43:08 [32minfo[39m:: Server is running on port 5000
2026-06-10 20:43:36 [32minfo[39m:: Server is running on port 5000
2026-06-10 20:44:43 [32minfo[39m:: Server is running on port 5000
2026-06-10 20:50:05 [32minfo[39m:: Server is running on port 5000
2026-06-10 20:50:52 [32minfo[39m:: Server is running on port 5000
2026-06-10 20:54:44 [32minfo[39m:: Server is running on port 5000
2026-06-10 20:55:03 [32minfo[39m:: Server is running on port 5000
2026-06-10 20:57:20 [32minfo[39m:: Server is running on port 5000
2026-06-10 20:57:52 [32minfo[39m:: Server is running on port 5000
2026-06-10 21:00:30 [32minfo[39m:: Server is running on port 5000
2026-06-10 21:01:08 [32minfo[39m:: Server is running on port 5000
2026-06-10 21:01:24 [32minfo[39m:: Server is running on port 5000
2026-06-10 21:01:53 [32minfo[39m:: Server is running on port 5000
2026-06-11 09:38:01 [32minfo[39m:: Server is running on port 5000
2026-06-11 09:50:55 [32minfo[39m:: Server is running on port 5000
2026-06-11 09:53:57 [32minfo[39m:: Server is running on port 5000
2026-06-11 09:54:40 [32minfo[39m:: Server is running on port 5000
2026-06-11 09:56:04 [32minfo[39m:: Server is running on port 5000
2026-06-11 09:56:23 [32minfo[39m:: Server is running on port 5000
2026-06-11 09:56:46 [32minfo[39m:: Server is running on port 5000
2026-06-11 10:03:12 [32minfo[39m:: Server is running on port 5000
2026-06-11 10:04:14 [32minfo[39m:: Server is running on port 5000
2026-06-11 10:09:52 [32minfo[39m:: Server is running on port 5000
2026-06-11 10:11:11 [32minfo[39m:: Server is running on port 5000
2026-06-11 10:12:53 [32minfo[39m:: Server is running on port 5000
2026-06-11 10:15:12 [32minfo[39m:: Server is running on port 5000
2026-06-11 10:15:33 [32minfo[39m:: Server is running on port 5000
2026-06-11 10:23:04 [32minfo[39m:: Server is running on port 5000
2026-06-11 10:33:00 [32minfo[39m:: Server is running on port 5000
2026-06-11 10:35:38 [32minfo[39m:: Server is running on port 5000
2026-06-11 10:36:52 [32minfo[39m:: Server is running on port 5000
2026-06-11 22:31:07 [32minfo[39m:: Server is running on port 5000
2026-06-12 13:23:54 [32minfo[39m:: Server is running on port 5000
2026-06-12 13:25:49 [32minfo[39m:: Server is running on port 5000
2026-06-12 13:27:26 [32minfo[39m:: Server is running on port 5000
2026-06-12 13:28:21 [32minfo[39m:: Server is running on port 5000
2026-06-12 13:28:22 [31merror[39m:: mobile payment can not found Delete failed: 
2026-06-12 13:29:01 [32minfo[39m:: Server is running on port 5000
2026-06-12 13:29:20 [31merror[39m:: Can not found admin payment image Delete failed: 
2026-06-12 13:29:38 [32minfo[39m:: Server is running on port 5000
2026-06-12 13:47:38 [32minfo[39m:: Server is running on port 5000
2026-06-12 13:50:42 [32minfo[39m:: Server is running on port 5000
2026-06-12 13:51:57 [32minfo[39m:: Server is running on port 5000
2026-06-13 11:22:20 [32minfo[39m:: Server is running on port 5000
2026-06-13 11:35:13 [32minfo[39m:: Server is running on port 5000
2026-06-13 11:38:28 [32minfo[39m:: Server is running on port 5000
2026-06-13 11:46:45 [32minfo[39m:: Server is running on port 5000
2026-06-13 12:02:48 [32minfo[39m:: Server is running on port 5000
2026-06-13 12:03:33 [32minfo[39m:: Server is running on port 5000
2026-06-13 12:04:16 [32minfo[39m:: Server is running on port 5000
2026-06-13 12:04:44 [32minfo[39m:: Server is running on port 5000
2026-06-13 12:04:58 [32minfo[39m:: Server is running on port 5000
2026-06-13 12:06:13 [32minfo[39m:: Server is running on port 5000
2026-06-13 13:17:39 [32minfo[39m:: Server is running on port 5000
2026-06-13 20:14:04 [32minfo[39m:: Server is running on port 5000
2026-06-13 20:15:29 [31merror[39m:: User Delete Account image Error
2026-06-13 20:19:06 [32minfo[39m:: Server is running on port 5000
2026-06-13 20:19:20 [32minfo[39m:: Server is running on port 5000
2026-06-13 20:19:41 [32minfo[39m:: Server is running on port 5000
2026-06-13 20:19:52 [31merror[39m:: User Delete Account image Error
2026-06-13 20:21:00 [31merror[39m:: User Delete Account image Error
2026-06-13 20:21:49 [31merror[39m:: User Delete Account image Error
2026-06-14 16:30:44 [32minfo[39m:: Server is running on port 5000
2026-06-14 16:31:59 [32minfo[39m:: Server is running on port 5000
2026-06-14 16:35:24 [32minfo[39m:: Server is running on port 5000
2026-06-14 16:35:46 [32minfo[39m:: Server is running on port 5000
2026-06-14 16:39:02 [32minfo[39m:: Server is running on port 5000
2026-06-14 16:40:23 [32minfo[39m:: Server is running on port 5000
2026-06-14 16:42:50 [32minfo[39m:: Server is running on port 5000
2026-08-06 10:28:40 [32minfo[39m:: Server is running on port 5000
2026-08-08 22:01:34 [32minfo[39m:: Server is running on port 5000
2026-08-08 22:03:10 [32minfo[39m:: Server is running on port 5000
2026-08-08 22:03:42 [32minfo[39m:: Server is running on port 5000
2026-08-08 22:05:05 [32minfo[39m:: Server is running on port 5000
2026-08-08 22:05:41 [32minfo[39m:: Server is running on port 5000
2026-08-08 22:08:43 [32minfo[39m:: Server is running on port 5000
2026-08-08 22:09:18 [32minfo[39m:: Server is running on port 5000
2026-08-08 22:09:52 [32minfo[39m:: Server is running on port 5000
2026-08-08 22:10:31 [32minfo[39m:: Server is running on port 5000
2026-08-08 22:17:32 [32minfo[39m:: Server is running on port 5000
2026-08-08 22:19:26 [32minfo[39m:: Server is running on port 5000
2026-08-08 22:19:46 [32minfo[39m:: Server is running on port 5000
2026-08-08 22:20:12 [32minfo[39m:: Server is running on port 5000
2026-08-08 22:23:51 [32minfo[39m:: Server is running on port 5000
2026-08-08 22:24:26 [32minfo[39m:: Server is running on port 5000
2026-08-08 22:28:34 [32minfo[39m:: Server is running on port 5000
2026-08-10 19:27:42 [32minfo[39m:: Server is running on port 5000
2026-08-11 16:24:23 [32minfo[39m:: Server is running on port 5000
2026-08-11 16:27:27 [32minfo[39m:: Server is running on port 5000
2026-08-11 16:27:50 [32minfo[39m:: Server is running on port 5000
2026-08-11 16:29:51 [32minfo[39m:: Server is running on port 5000
2026-08-11 16:30:11 [32minfo[39m:: Server is running on port 5000
2026-08-12 01:37:12 [32minfo[39m:: Server is running on port 5000
2026-08-12 18:28:51 [32minfo[39m:: Server is running on port 5000
2026-08-13 12:07:37 [32minfo[39m:: Server is running on port 5000
2026-08-13 12:12:03 [32minfo[39m:: Server is running on port 5000
2026-08-20 18:55:54 [32minfo[39m:: Server is running on port 5000
2026-08-20 19:05:03 [32minfo[39m:: Server is running on port 5000
2026-08-20 19:08:34 [32minfo[39m:: Server is running on port 5000
2026-08-20 19:20:39 [32minfo[39m:: Server is running on port 5000
2026-08-20 19:21:19 [32minfo[39m:: Server is running on port 5000
2026-08-20 19:22:37 [32minfo[39m:: Server is running on port 5000
2026-08-20 19:23:00 [32minfo[39m:: Server is running on port 5000
2026-08-20 19:23:27 [32minfo[39m:: Server is running on port 5000
2026-08-20 19:26:45 [32minfo[39m:: Server is running on port 5000
2026-08-20 19:27:07 [32minfo[39m:: Server is running on port 5000
2026-08-20 19:27:35 [32minfo[39m:: Server is running on port 5000
2026-08-20 20:34:01 [32minfo[39m:: Server is running on port 5000
2026-08-20 20:39:31 [32minfo[39m:: Server is running on port 5000
2026-08-20 20:41:20 [31merror[39m:: Please fill all the fields
2026-08-20 20:41:53 [32minfo[39m:: Server is running on port 5000
2026-08-20 20:46:01 [32minfo[39m:: Server is running on port 5000
2026-08-20 20:46:53 [32minfo[39m:: Server is running on port 5000
2026-08-20 20:52:12 [32minfo[39m:: Server is running on port 5000
2026-08-20 20:53:05 [32minfo[39m:: Server is running on port 5000
2026-08-20 20:54:02 [32minfo[39m:: Server is running on port 5000
2026-08-20 20:55:10 [32minfo[39m:: Server is running on port 5000
2026-08-20 20:57:30 [32minfo[39m:: Server is running on port 5000
2026-08-21 01:01:36 [32minfo[39m:: Server is running on port 5000
2026-08-21 01:04:17 [32minfo[39m:: Server is running on port 5000
2026-08-21 01:06:13 [32minfo[39m:: Server is running on port 5000
2026-08-21 01:06:51 [32minfo[39m:: Server is running on port 5000
2026-08-21 01:07:36 [32minfo[39m:: Server is running on port 5000
2026-08-21 01:08:21 [32minfo[39m:: Server is running on port 5000
2026-08-21 01:08:31 [31merror[39m:: Please fill all the fields
2026-08-21 01:08:51 [32minfo[39m:: Server is running on port 5000
2026-08-21 01:08:52 [31merror[39m:: Please fill all the fields
2026-08-21 01:09:22 [32minfo[39m:: Server is running on port 5000
2026-08-21 01:15:16 [32minfo[39m:: Server is running on port 5000
2026-08-21 01:15:57 [32minfo[39m:: Server is running on port 5000
2026-08-21 01:51:14 [32minfo[39m:: Server is running on port 5000
2026-08-21 02:01:26 [32minfo[39m:: Server is running on port 5000
2026-08-21 02:13:06 [32minfo[39m:: Server is running on port 5000
2026-08-21 02:22:54 [32minfo[39m:: Server is running on port 5000
2026-08-21 02:23:45 [32minfo[39m:: Server is running on port 5000
2026-08-21 02:27:16 [32minfo[39m:: Server is running on port 5000
2026-08-21 02:28:17 [32minfo[39m:: Server is running on port 5000
2026-08-21 02:28:52 [32minfo[39m:: Server is running on port 5000
2026-08-21 12:35:40 [32minfo[39m:: Server is running on port 5000
2026-08-21 13:16:36 [32minfo[39m:: Server is running on port 5000
2026-08-21 13:17:30 [32minfo[39m:: Server is running on port 5000
2026-08-21 13:19:33 [32minfo[39m:: Server is running on port 5000
2026-08-21 13:23:24 [32minfo[39m:: Server is running on port 5000
2026-08-21 13:25:15 [32minfo[39m:: Server is running on port 5000
2026-08-21 13:25:47 [32minfo[39m:: Server is running on port 5000
2026-08-22 23:04:58 [32minfo[39m:: Server is running on port 5000
2026-08-22 23:05:01 [32minfo[39m:: Server is running on port 5000
2026-08-22 23:05:20 [32minfo[39m:: Server is running on port 5000
2026-08-22 23:05:25 [32minfo[39m:: Server is running on port 5000
2026-08-22 23:06:04 [32minfo[39m:: Server is running on port 5007
2026-08-22 23:07:06 [32minfo[39m:: Server is running on port 5007
2026-08-22 23:07:18 [32minfo[39m:: Server is running on port 5007
2026-08-22 23:07:39 [32minfo[39m:: Server is running on port 5007
2026-08-22 23:10:47 [32minfo[39m:: Server is running on port 5007
2026-08-23 15:41:35 [32minfo[39m:: Server is running on port 5000
2026-08-23 15:43:10 [32minfo[39m:: Server is running on port 5000
2026-08-23 19:09:18 [32minfo[39m:: Server is running on port 5000
